Country,Advisory Level
אוגנדה,מדינה
02,רמת אזהרה
אמצעי זהירות מוגברים,המלצה
כלל שטחי המדינה,המרחב המאוים
"לאור מספר אירועי טרור שהתרחשו לאחרונה באוגנדה וחשש מקיומן של תשתיות טרור שונות במדינה ופעילות מצידן, קיים איום פוטנציאלי מתמשך לפגיעה בישראלים/יהודים השוהים במדינה.",פירוט
,המלצות משרדי החוץ והבריאות
אוזבקיסטן,מדינה
01/04,רמת אזהרה
"רוב שטחי המדינה: ללא אזהרת מסע (רמה 1) ומומלץ לנקוט באמצעי זהירות רגילים. מרחב משותף בגבול בין אוזבקיסטן לאפגניסטן: רמת איום גבוהה (רמה 4), ממליצים להימנע מהגעה של 30 קילומטר מהגבול.",המלצה
הגבול של אוזבקיסטן עם אפגניסטן.,המרחב המאוים
"מומלץ לשמור על מרחק של 30 קילומטר מהגבול של אוזבקיסטן עם אפגניסטן, לאור חשש כי גורמי טרור באפגניסטן יבצעו מתקפות במרחב זה.",פירוט
,המלצות משרדי החוץ והבריאות
אוסטריה,מדינה
01,רמת אזהרה
אמצעי זהירות רגילים,המלצה
ללא,המרחב המאוים
אין מידע,פירוט
,המלצות משרדי החוץ והבריאות
אוסטרליה,מדינה
01,רמת אזהרה
אמצעי זהירות רגילים,המלצה
ללא,המרחב המאוים
אין מידע,פירוט
,המלצות משרדי החוץ והבריאות
אוקראינה,מדינה
01,רמת אזהרה
אמצעי זהירות רגילים,המלצה
ללא,המרחב המאוים
"על המדינה לא מוחלת אזהרת מסע בהיבטי טרור. לצד זאת, לאור הלחימה המתמשכת, על המתכננים להגיע למדינה יש לעיין בהמלצות משרד החוץ אודות ביקור באוקראינה.",פירוט
,המלצות משרדי החוץ והבריאות
אורוגואי,מדינה
01,רמת אזהרה
אמצעי זהירות רגילים,המלצה
ללא,המרחב המאוים
אין מידע,פירוט
,המלצות משרדי החוץ והבריאות
אזרביג'אן,מדינה
02,רמת אזהרה
אמצעי זהירות מוגברים,המלצה
כלל שטחי המדינה,המרחב המאוים
"לאור חשש מקיומן של תשתיות טרור שונות באזרביג'אן, קיים איום פוטנציאלי מתמשך לפגיעה בישראלים/יהודים השוהים במדינה.",פירוט
,המלצות משרדי החוץ והבריאות
איחוד האמירויות הערביות,מדינה
03,רמת אזהרה
להימנע מנסיעות שאינן חיוניות,המלצה
כלל שטחי המדינה,המרחב המאוים
"במאע""מ מתקיימת פעילות של גורמי טרור, המהווה סיכון ממשי לישראלים אשר שוהים/מבקרים במדינה.",פירוט
,המלצות משרדי החוץ והבריאות
איטליה,מדינה
01,רמת אזהרה
אמצעי זהירות רגילים,המלצה
ללא,המרחב המאוים
"על מדינה זו לא חלה אזהרת מסע בהקשרי טרור, אך לאור השריפות המתחוללות במדינה, משרד החוץ פרסם המלצות לישראלים המתעדים להגיע למדינה. להלן קישור להמלצה.  https://www.gov.il/he/departments/publications/reports/italy260723",פירוט
,המלצות משרדי החוץ והבריאות
איי בהאמה,מדינה
01,רמת אזהרה
אמצעי זהירות רגילים,המלצה
ללא,המרחב המאוים
אין מידע,פירוט
,המלצות משרדי החוץ והבריאות
איי מרשל,מדינה
01,רמת אזהרה
אמצעי זהירות רגילים,המלצה
ללא,המרחב המאוים
אין מידע,פירוט
,המלצות משרדי החוץ והבריאות
איי סיישל,מדינה
01,רמת אזהרה
אמצעי זהירות רגילים,המלצה
ללא,המרחב המאוים
אין מידע,פירוט
,המלצות משרדי החוץ והבריאות
איי שלמה,מדינה
01,רמת אזהרה
אמצעי זהירות רגילים,המלצה
ללא,המרחב המאוים
אין מידע,פירוט
,המלצות משרדי החוץ והבריאות
אינדונזיה,מדינה
03\04,רמת אזהרה
"רמת איום גבוהה (רמה 4) מומלץ להימנע מהגעה: פפואה המערבית, איי סלוואסי, סומטרה,מחוז אצ'ה וחלקים מג'אווה. רמת איום בינונית (רמה 3) מומלץ להימנע מנסיעות שאינן חיוניות: שאר שטחי אינדונזיה.",המלצה
כלל שטחי המדינה,המרחב המאוים
"לאור פעילות ארגוני טרור מוסלמים במספר מוקדים באינדונזיה, למול יעדי ממשל וביטחון לצד יעדים אזרחיים, קיים חשש לחייהם של ישראלים השוהים/מבקרים במדינה.",פירוט
,המלצות משרדי החוץ והבריאות
איסלנד,מדינה
01,רמת אזהרה
אמצעי זהירות רגילים,המלצה
ללא,המרחב המאוים
אין מידע,פירוט
,המלצות משרדי החוץ והבריאות
איראן,מדינה
04,רמת אזהרה
חל איסור על נסיעה למדינה,המלצה
כלל שטחי המדינה,המרחב המאוים
"נוכח העוינות העמוקה לישראל מצד המשטר האיראני ולאור איומי טרור פוטנציאלים מתקיים סיכון ממשי לביטחונם של ישראלים המבקרים/שוהים במדינה זו זאת ועוד, על פי ""חוק ההסתננות"" נאסר על תושבי ישראל לבקר במדינה זו.",פירוט
,המלצות משרדי החוץ והבריאות
אירלנד,מדינה
01,רמת אזהרה
אמצעי זהירות רגילים,המלצה
ללא,המרחב המאוים
אין מידע,פירוט
,המלצות משרדי החוץ והבריאות
אל סלבדור,מדינה
01,רמת אזהרה
אמצעי זהירות רגילים,המלצה
ללא,המרחב המאוים
אין מידע,פירוט
,המלצות משרדי החוץ והבריאות
אלבניה,מדינה
01,רמת אזהרה
אמצעי זהירות רגילים,המלצה
ללא,המרחב המאוים
אין מידע,פירוט
,המלצות משרדי החוץ והבריאות
אלג'יריה,מדינה
04,רמת אזהרה
להימנע מהגעה,המלצה
כלל שטחי המדינה,המרחב המאוים
"במדינה קיימת פעילות של ארגוני טרור, בשנים האחרונות בוצעו מספר התקפות טרור במדינה על ידי ארגונים כגון JNIM ו""המדינה האסלאמית"" (דאע""ש), המחזיקים תשתיות במדינה. במקביל, קיימת ברחוב האלג'יראי עוינות כלפי ישראל. לאור זאת, קיים סיכון לבטחונם של ישראלים אשר יבקרו במדינה",פירוט
,המלצות משרדי החוץ והבריאות
אנגולה,מדינה
01,רמת אזהרה
אמצעי זהירות רגילים,המלצה
ללא,המרחב המאוים
אין מידע,פירוט
,המלצות משרדי החוץ והבריאות
אנדורה,מדינה
01,רמת אזהרה
אמצעי זהירות רגילים,המלצה
ללא,המרחב המאוים
אין מידע,פירוט
,המלצות משרדי החוץ והבריאות
אנטיגואה וברבודה,מדינה
01,רמת אזהרה
אמצעי זהירות רגילים,המלצה
ללא,המרחב המאוים
אין מידע,פירוט
,המלצות משרדי החוץ והבריאות
אסטוניה,מדינה
01,רמת אזהרה
אמצעי זהירות רגילים,המלצה
ללא,המרחב המאוים
אין מידע,פירוט
,המלצות משרדי החוץ והבריאות
אפגניסטן,מדינה
04,רמת אזהרה
להימנע מהגעה,המלצה
כלל שטחי המדינה,המרחב המאוים
"לאור איום מתמשך מצד ארגוני טרור, בראשם הטליבן, אל-קאעידה והמדינה האסלמית (דעא""ש), הגורמים לעשרות נפגעים מידי חודש בקרב האוכלוסיה וגורמי הביטחון המקומיים, מתקיים סיכון ממשי לביטחונם של ישראלים המבקרים/שוהים במדינה זו.",פירוט
,המלצות משרדי החוץ והבריאות
אקוואדור,מדינה
01,רמת אזהרה
אמצעי זהירות רגילים,המלצה
ללא,המרחב המאוים
אין מידע,פירוט
,המלצות משרדי החוץ והבריאות
ארגנטינה,מדינה
01,רמת אזהרה
אמצעי זהירות רגילים,המלצה
ללא,המרחב המאוים
אין מידע,פירוט
,המלצות משרדי החוץ והבריאות
אריתריאה,מדינה
01,רמת אזהרה
אמצעי זהירות רגילים,המלצה
ללא,המרחב המאוים
אין מידע,פירוט
,המלצות משרדי החוץ והבריאות
ארמניה,מדינה
01,רמת אזהרה
אמצעי זהירות רגילים,המלצה
ללא,המרחב המאוים
אין מידע,פירוט
,המלצות משרדי החוץ והבריאות
ארצות הברית,מדינה
01,רמת אזהרה
אמצעי זהירות רגילים,המלצה
ללא,המרחב המאוים
אין מידע,פירוט
,המלצות משרדי החוץ והבריאות
אתיופיה,מדינה
01\02,רמת אזהרה
איום מזדמן (רמה 2) מומלץ לנקוט באמצעי זהירות מוגברים: דרום ומזרח המדינה. ללא אזהרת מסע (רמה 1) מומלץ לנקוט באמצעי זהירות רגילים: שאר שטחי המדינה.,המלצה
דרום מזרח המדינה (ראו מפה),המרחב המאוים
"לאור החשש מנוכחות תשתיות טרור של ארגון אלשבאב הסומלי במדינה ופעילות מצידן, קיים איום פוטנציאלי מתמשך, לפגיעה בישראלים/יהודים השוהים במחוז הסומלי באתיופיה שבמזרח המדינה ואזור הגבול עם ג'יבוטי. לתשומת לבכם, על אתיופיה חלה בנוסף אזהרת מסע של משרד החוץ.",פירוט
,המלצות משרדי החוץ והבריאות
בהוטן,מדינה
01,רמת אזהרה
אמצעי זהירות רגילים,המלצה
ללא,המרחב המאוים
אין מידע,פירוט
,המלצות משרדי החוץ והבריאות
בולגריה,מדינה
01,רמת אזהרה
אמצעי זהירות רגילים,המלצה
ללא,המרחב המאוים
אין מידע,פירוט
,המלצות משרדי החוץ והבריאות
בוליביה,מדינה
01,רמת אזהרה
אמצעי זהירות רגילים,המלצה
ללא,המרחב המאוים
"על מדינה זו לא חלה אזהרת מסע בהקשרי טרור, אך לאור המצב הביטחוני בארץ בעקבות ״חרבות ברזל״, משרד החוץ פרסם המלצות לישראלים הצפויים להגיע למדינה.",פירוט
,המלצות משרדי החוץ והבריאות
בוסניה הרצגובינה,מדינה
01,רמת אזהרה
אמצעי זהירות רגילים,המלצה
ללא,המרחב המאוים
אין מידע,פירוט
,המלצות משרדי החוץ והבריאות
בוטסואנה,מדינה
01,רמת אזהרה
אמצעי זהירות רגילים,המלצה
ללא,המרחב המאוים
אין מידע,פירוט
,המלצות משרדי החוץ והבריאות
בורונדי,מדינה
01,רמת אזהרה
אמצעי זהירות רגילים,המלצה
ללא,המרחב המאוים
אין מידע,פירוט
,המלצות משרדי החוץ והבריאות
בורקינה פאסו,מדינה
04,רמת אזהרה
להימנע מהגעה למדינה,המלצה
כלל שטחי המדינה,המרחב המאוים
"בשנים האחרונות ניכרת החמרה בפעילות הטרור במדינה מצד גורמי ג'האד עולמי, במסגרת זו, בוצעו פיגועי טרור, ובכלל זאת התקפות על יעדים תיירותיים בבירה, כולל מתקפה על מבנה השגרירות הצרפתית בעיר. לאור זאת, קיים סיכון לחייהם של ישראלים אשר יבקרו במדינה זו.",פירוט
,המלצות משרדי החוץ והבריאות
בחריין,מדינה
03,רמת אזהרה
להימנע מנסיעות שאינן חיוניות,המלצה
כלל שטחי המדינה,המרחב המאוים
"לאור נוכחות תשתיות טרור במדינה, מתקיים סיכון ממשי לביטחונם של ישראלים המבקרים/שוהים במדינה זו.",פירוט
,המלצות משרדי החוץ והבריאות
בלארוס,מדינה
01,רמת אזהרה
אמצעי זהירות רגילים,המלצה
ללא,המרחב המאוים
אין מידע,פירוט
,המלצות משרדי החוץ והבריאות
בלגיה,מדינה
01,רמת אזהרה
אמצעי זהירות רגילים,המלצה
ללא,המרחב המאוים
אין מידע,פירוט
,המלצות משרדי החוץ והבריאות
בליז,מדינה
01,רמת אזהרה
אמצעי זהירות רגילים,המלצה
ללא,המרחב המאוים
אין מידע,פירוט
,המלצות משרדי החוץ והבריאות
בנגלדש,מדינה
03,רמת אזהרה
להימנע מנסיעות שאינן חיוניות,המלצה
כלל שטחי המדינה,המרחב המאוים
"בבנגלדש קיימת נוכחות ופעילות של תומכי וחברי ארגוני ג'האד עולמי; פעילות זו מהווה סיכון לישראלים אשר יבקרו במדינה. לאור זאת, אנו ממליצים להימנע מהגעה למדינה.",פירוט
,המלצות משרדי החוץ והבריאות
בנין,מדינה
01,רמת אזהרה
אמצעי זהירות רגילים,המלצה
ללא,המרחב המאוים
אין מידע,פירוט
,המלצות משרדי החוץ והבריאות
ברבדוס,מדינה
01,רמת אזהרה
אמצעי זהירות רגילים,המלצה
ללא,המרחב המאוים
אין מידע,פירוט
,המלצות משרדי החוץ והבריאות
ברוניי,מדינה
01,רמת אזהרה
אמצעי זהירות רגילים,המלצה
ללא,המרחב המאוים
אין מידע,פירוט
,המלצות משרדי החוץ והבריאות
ברזיל,מדינה
01,רמת אזהרה
אמצעי זהירות רגילים,המלצה
ללא,המרחב המאוים
אין מידע,פירוט
,המלצות משרדי החוץ והבריאות
בריטניה,מדינה
01,רמת אזהרה
אמצעי זהירות רגילים,המלצה
ללא,המרחב המאוים
אין מידע,פירוט
,המלצות משרדי החוץ והבריאות
גאבון,מדינה
01,רמת אזהרה
אמצעי זהירות רגילים,המלצה
ללא,המרחב המאוים
אין מידע,פירוט
,המלצות משרדי החוץ והבריאות
גאורגיה,מדינה
02\01,רמת אזהרה
איום מזדמן (רמה 2) מומלץ לנקוט באמצעי זהירות מוגברים: חבל פנקיסי שבמזרח המדינה. ללא אזהרת מסע (רמה 1) מומלץ לנקוט באמצעי זהירות רגילים: שאר שטחי המדינה.,המלצה
חבל פנקיסי,המרחב המאוים
לאור חשש מפעילות של גורמי טרור במרחב פנקיסי (מזרח גאורגיה) קיים חשש לביטחונם של תיירים ישראלים אשר יבקרו באזור.,פירוט
,המלצות משרדי החוץ והבריאות
גאנה,מדינה
01,רמת אזהרה
אמצעי זהירות רגילים,המלצה
ללא,המרחב המאוים
אין מידע,פירוט
,המלצות משרדי החוץ והבריאות
גווטמלה,מדינה
01,רמת אזהרה
אמצעי זהירות רגילים,המלצה
ללא,המרחב המאוים
אין מידע,פירוט
,המלצות משרדי החוץ והבריאות
גויאנה,מדינה
01,רמת אזהרה
אמצעי זהירות רגילים,המלצה
ללא,המרחב המאוים
אין מידע,פירוט
,המלצות משרדי החוץ והבריאות
ג'יבוטי,מדינה
02/04,רמת אזהרה
"רמת איום גבוהה (רמה 4) מומלץ להימנע מהגעה: כ-30 ק""מ מהגבול של ג'יבוטי עם סומליה בדרום וכ-30 ק""מ מהגבול של ג'יבוטי עם אריתריאה בצפון. רמת איום מזדמן (רמה 2) מומלץ לנקוט באמצעי זהירות מוגברים: שאר שטחי המדינה.",המלצה
כלל שטחי המדינה,המרחב המאוים
"לאור החשש מפעילות טרור מצד ארגון ""אלשבאב הסומלי"", יש לנקוט באמצעי זהירות מוגברים בעת השהייה בג'יבוטי. כמו כן, יש להימנע מהגעה של לפחות 30 ק""מ ממרחב הגבול של ג'יבוטי עם סומליה בדרום ומרחב הגבול של ג'יבוטי עם אריתריאה בצפון.",פירוט
,המלצות משרדי החוץ והבריאות
גינאה,מדינה
01,רמת אזהרה
אמצעי זהירות רגילים,המלצה
ללא,המרחב המאוים
אין מידע,פירוט
,המלצות משרדי החוץ והבריאות
גינאה המשוונית,מדינה
01,רמת אזהרה
אמצעי זהירות רגילים,המלצה
ללא,המרחב המאוים
אין מידע,פירוט
,המלצות משרדי החוץ והבריאות
גינאה-ביסאו,מדינה
01,רמת אזהרה
אמצעי זהירות רגילים,המלצה
ללא,המרחב המאוים
אין מידע,פירוט
,המלצות משרדי החוץ והבריאות
ג'מאיקה,מדינה
01,רמת אזהרה
אמצעי זהירות רגילים,המלצה
ללא,המרחב המאוים
אין מידע,פירוט
,המלצות משרדי החוץ והבריאות
גמביה,מדינה
01,רמת אזהרה
אמצעי זהירות רגילים,המלצה
ללא,המרחב המאוים
אין מידע,פירוט
,המלצות משרדי החוץ והבריאות
גרמניה,מדינה
01,רמת אזהרה
אמצעי זהירות רגילים,המלצה
ללא,המרחב המאוים
אין מידע,פירוט
,המלצות משרדי החוץ והבריאות
גרנדה,מדינה
01,רמת אזהרה
אמצעי זהירות רגילים,המלצה
ללא,המרחב המאוים
אין מידע,פירוט
,המלצות משרדי החוץ והבריאות
דומיניקה,מדינה
01,רמת אזהרה
אמצעי זהירות רגילים,המלצה
ללא,המרחב המאוים
אין מידע,פירוט
,המלצות משרדי החוץ והבריאות
דנמרק,מדינה
01,רמת אזהרה
אמצעי זהירות רגילים,המלצה
ללא,המרחב המאוים
אין מידע,פירוט
,המלצות משרדי החוץ והבריאות
דרום אפריקה,מדינה
01,רמת אזהרה
אמצעי זהירות רגילים,המלצה
ללא,המרחב המאוים
אין מידע,פירוט
,המלצות משרדי החוץ והבריאות
דרום סודן,מדינה
01,רמת אזהרה
אמצעי זהירות רגילים,המלצה
ללא,המרחב המאוים
אין מידע,פירוט
,המלצות משרדי החוץ והבריאות
האיטי,מדינה
01,רמת אזהרה
אמצעי זהירות רגילים,המלצה
ללא,המרחב המאוים
אין מידע,פירוט
,המלצות משרדי החוץ והבריאות
האיים המלדיביים,מדינה
01,רמת אזהרה
אמצעי זהירות רגילים,המלצה
ללא,המרחב המאוים
"על המדינה לא מוחלת אזהרת מסע בהיבטי טרור, לצד זאת, לאור החרפת האווירה והיחס כלפי ישראלים, משרד החוץ ממליץ להימנע מנסיעות שאינן חיוניות בעת הזו. להלן קישור להמלצה. https://www.gov.il/he/departments/publications/reports/maldives181023",פירוט
,המלצות משרדי החוץ והבריאות
הודו,מדינה
01\04,רמת אזהרה
"רמת איום גבוהה (רמה 4) מומלץ להימנע מהגעה לאיזו: חבל קשמיר, מלבד לדאק. ללא אזהרת מסע (רמה 1) מומלץ לנקוט באמצעי זהירות רגילים: שאר שטחי הודו.",המלצה
צפון המדינה (קשמיר),המרחב המאוים
"באזור חבל קשמיר שבצפון הודו (למעט מחוז לדאק) איום הטרור הינו מוחשי וקונקרטי, בין היתר לאור אירועי פנים אלימים וחילופי אש ספורדיים בין כוחות הצבא ההודי הערוכים לאורך הגבול והכוחות הפקיסטנים.",פירוט
,המלצות משרדי החוץ והבריאות
הולנד,מדינה
01,רמת אזהרה
אמצעי זהירות רגילים,המלצה
ללא,המרחב המאוים
אין מידע,פירוט
,המלצות משרדי החוץ והבריאות
הונג קונג,מדינה
01,רמת אזהרה
אמצעי זהירות רגילים,המלצה
ללא,המרחב המאוים
אין מידע,פירוט
,המלצות משרדי החוץ והבריאות
הונגריה,מדינה
01,רמת אזהרה
אמצעי זהירות רגילים,המלצה
ללא,המרחב המאוים
אין מידע,פירוט
,המלצות משרדי החוץ והבריאות
הונדורס,מדינה
01,רמת אזהרה
אמצעי זהירות רגילים,המלצה
ללא,המרחב המאוים
אין מידע,פירוט
,המלצות משרדי החוץ והבריאות
הרפובליקה הדומיניקנית,מדינה
01,רמת אזהרה
אמצעי זהירות רגילים,המלצה
ללא,המרחב המאוים
אין מידע,פירוט
,המלצות משרדי החוץ והבריאות
הרפובליקה המרכז אפריקנית,מדינה
04,רמת אזהרה
להימנע מכל ביקור/שהייה במדינה,המלצה
כלל שטחי המדינה,המרחב המאוים
"לאור פעילות טרור ענפה ומצב בטחוני רעוע, בכל אזורי הרפובליקה המרכז אפריקנית, קיים סיכון ממשי לישראלים אשר יבקרו/ישהו במדינה. אנו ממליצים להימנע מהגעה לשטחי המדינה.",פירוט
,המלצות משרדי החוץ והבריאות
הרפובליקה של קונגו,מדינה
01,רמת אזהרה
אמצעי זהירות רגילים,המלצה
ללא,המרחב המאוים
אין מידע,פירוט
,המלצות משרדי החוץ והבריאות
וייטנאם,מדינה
01,רמת אזהרה
אמצעי זהירות רגילים,המלצה
ללא,המרחב המאוים
אין מידע,פירוט
,המלצות משרדי החוץ והבריאות
וותיקן,מדינה
01,רמת אזהרה
אמצעי זהירות רגילים,המלצה
ללא,המרחב המאוים
אין מידע,פירוט
,המלצות משרדי החוץ והבריאות
ונואטו,מדינה
01,רמת אזהרה
אמצעי זהירות רגילים,המלצה
ללא,המרחב המאוים
אין מידע,פירוט
,המלצות משרדי החוץ והבריאות
ונצואלה,מדינה
01,רמת אזהרה
אמצעי זהירות רגילים,המלצה
ללא,המרחב המאוים
אין מידע,פירוט
,המלצות משרדי החוץ והבריאות
זימבבואה,מדינה
01,רמת אזהרה
אמצעי זהירות רגילים,המלצה
ללא,המרחב המאוים
אין מידע,פירוט
,המלצות משרדי החוץ והבריאות
זמביה,מדינה
01,רמת אזהרה
אמצעי זהירות רגילים,המלצה
ללא,המרחב המאוים
אין מידע,פירוט
,המלצות משרדי החוץ והבריאות
חוף השנהב,מדינה
03,רמת אזהרה
להימנע מנסיעות שאינן חיוניות,המלצה
כלל שטחי המדינה,המרחב המאוים
"לאור פעילות גורמי טרור במדינה, בהם ארגוני אסלאם רדיקלי, קיים איום מוחשי לביטחון אזרחי ישראל השוהים בחוף השנהב.",פירוט
,המלצות משרדי החוץ והבריאות
טג'יקיסטאן,מדינה
04/01,רמת אזהרה
רמת איום גבוהה (רמה 4): ממליצים להימנע מהגעה של 30 קילומטר מהגבול המשותף בין טג'יקיסטן לאפגניסטן. ללא אזהרת מסע (רמה 1) מומלץ לנקוט באמצעי זהירות רגילים: שאר שטחי המדינה.,המלצה
מרחב בגבול המשותף בין טג'יקיסטן לאפגניסטן,המרחב המאוים
"אנו ממליצים להימנע מהגעה, של לפחות 30 קילומטר, למרחב הגבול המשותף בין טג'קיסטן לבין אפגניסטן, לאור חשש ממשי כי גורמי טרור הפועלים באפגניסטן ינסו לפגוע/לחטוף תיירים, בהם ישראלים.",פירוט
,המלצות משרדי החוץ והבריאות
טובאלו,מדינה
01,רמת אזהרה
אמצעי זהירות רגילים,המלצה
ללא,המרחב המאוים
אין מידע,פירוט
,המלצות משרדי החוץ והבריאות
טוגו,מדינה
01/04,רמת אזהרה
"רמת איום גבוהה (רמה 4) מומלץ להימנע מהגעה: כ-30 ק""מ מהגבול של טוגו עם בורקינה פאסו. ללא אזהרת מסע (רמה 1) מומלץ לנקוט באמצעי זהירות רגילים: שאר שטחי המדינה.",המלצה
מרחב הגבול המשותף בין טוגו לבורקינה פאסו (ראו מפה),המרחב המאוים
"לאור חשש מביצוע מתקפות של ארגוני טרור שונים בצפון טוגו, מומלץ להימנע מכל הגעה לאזור הגבול עם בורקינה פאסו. בתוך כך, לשמור על מרחק של כ-30 ק""מ מהגבול",פירוט
,המלצות משרדי החוץ והבריאות
טונגה,מדינה
01,רמת אזהרה
אמצעי זהירות רגילים,המלצה
ללא,המרחב המאוים
אין מידע,פירוט
,המלצות משרדי החוץ והבריאות
טייואן,מדינה
01,רמת אזהרה
אמצעי זהירות רגילים,המלצה
ללא,המרחב המאוים
אין מידע,פירוט
,המלצות משרדי החוץ והבריאות
טנזניה,מדינה
01,רמת אזהרה
אמצעי זהירות רגילים,המלצה
ללא,המרחב המאוים
אין מידע,פירוט
,המלצות משרדי החוץ והבריאות
טרינידד וטובגו,מדינה
01,רמת אזהרה
אמצעי זהירות רגילים,המלצה
ללא,המרחב המאוים
אין מידע,פירוט
,המלצות משרדי החוץ והבריאות
יוון,מדינה
01,רמת אזהרה
אמצעי זהירות רגילים,המלצה
ללא,המרחב המאוים
"על מדינה זו לא חלה אזהרת מסע בהקשרי טרור, אך לאור אירועי אקלים קיצוני המתחוללים במדינה, משרד החוץ פרסם המלצות לישראלים המתעדים להגיע למדינה. להלן קישור להמלצה.   https://www.gov.il/he/departments/publications/reports/greece240723",פירוט
,המלצות משרדי החוץ והבריאות
יפן,מדינה
01,רמת אזהרה
אמצעי זהירות רגילים,המלצה
ללא,המרחב המאוים
אין מידע,פירוט
,המלצות משרדי החוץ והבריאות
ירדן,מדינה
04,רמת אזהרה
אין להגיע למדינה זו ובמקרה של שהייה יש לעזוב את המדינה,המלצה
כלל שטחי המדינה,המרחב המאוים
"לאור חשש כי גורמי טרור ינסו לפגוע בישראלים השוהים בירדן, זאת על רקע מלחמת ""חרבות ברזל"", יש להימנע מנסיעות למדינה זו ובמקרה של שהייה יש לעזוב את המדינה.",פירוט
,המלצות משרדי החוץ והבריאות
כווית,מדינה
04,רמת אזהרה
להימנע מהגעה,המלצה
כלל שטחי המדינה,המרחב המאוים
"לאור פעילות גורמי טרור במדינה, בדגש על ארגוני אסלאם רדיקלי, קיים איום מוחשי לביטחון אזרחי ישראל השוהים בכוווית.",פירוט
,המלצות משרדי החוץ והבריאות
לאוס,מדינה
01,רמת אזהרה
אמצעי זהירות רגילים,המלצה
ללא,המרחב המאוים
אין מידע,פירוט
,המלצות משרדי החוץ והבריאות
לבנון,מדינה
04,רמת אזהרה
חל איסור על נסיעה,המלצה
כלל שטחי המדינה,המרחב המאוים
"לאור קיומם של ארגוני הטרור הפועלים בשטחה של המדינה (חזבאללה, טרור פלסטיני וג'האד עולמי) ועוינות ציבורית עמוקה לישראל מתקיים סיכון טרור חמור על כל אזרחי ישראל המבקרים/שוהים בלבנון. זאת ועוד, על פי ""חוק ההסתננות"" נאסר על תושבי ישראל לבקר במדינה זו.",פירוט
,המלצות משרדי החוץ והבריאות
לוב,מדינה
04,רמת אזהרה
להימנע מהגעה,המלצה
כלל שטחי המדינה,המרחב המאוים
"במדינה זו מתקיימת במשך שנים רבות מלחמת אזרחים, לצד פעילות ענפה של ארגוני טרור רבים, חלקם בעלי אג'נדה מקומית; מתקפות טרור ופעולות אלימות הינן אירועים שכיחים במדינה זו וקיים סיכון חמור לישראלים אשר יבקרו בלוב.",פירוט
,המלצות משרדי החוץ והבריאות
לוקסמבורג,מדינה
01,רמת אזהרה
אמצעי זהירות רגילים,המלצה
ללא,המרחב המאוים
אין מידע,פירוט
,המלצות משרדי החוץ והבריאות
לטביה,מדינה
01,רמת אזהרה
אמצעי זהירות רגילים,המלצה
ללא,המרחב המאוים
אין מידע,פירוט
,המלצות משרדי החוץ והבריאות
ליבריה,מדינה
01,רמת אזהרה
אמצעי זהירות רגילים,המלצה
ללא,המרחב המאוים
אין מידע,פירוט
,המלצות משרדי החוץ והבריאות
ליטא,מדינה
01,רמת אזהרה
אמצעי זהירות רגילים,המלצה
ללא,המרחב המאוים
אין מידע,פירוט
,המלצות משרדי החוץ והבריאות
ליכטנשטיין,מדינה
01,רמת אזהרה
אמצעי זהירות רגילים,המלצה
ללא,המרחב המאוים
אין מידע,פירוט
,המלצות משרדי החוץ והבריאות
לסוטו,מדינה
01,רמת אזהרה
אמצעי זהירות רגילים,המלצה
ללא,המרחב המאוים
אין מידע,פירוט
,המלצות משרדי החוץ והבריאות
מאוריטניה,מדינה
03,רמת אזהרה
להימנע מנסיעות שאינן חיוניות,המלצה
כלל שטחי המדינה,המרחב המאוים
"במאוריטניה מתקיימת פעילות של ארגוני טרור שונים, בהם ארגוני אסלאם רדיקלי, אלו מהווים סכנה לבטחונם של ישראלים אשר יבקרו/ישהו במדינה.",פירוט
,המלצות משרדי החוץ והבריאות
מאוריציוס,מדינה
01,רמת אזהרה
אמצעי זהירות רגילים,המלצה
ללא,המרחב המאוים
אין מידע,פירוט
,המלצות משרדי החוץ והבריאות
מאלי,מדינה
04,רמת אזהרה
להימנע מהגעה,המלצה
כלל שטחי המדינה,המרחב המאוים
"במדינה מתקיימת פעילות של מספר ארגוני טרור, כגון ""המדינה האסלאמית"" וג'מעאת נצרה אלאסלאם ואלמסלמין (JNIM) המזוהה עם אלקאעדה. במקביל, במרחב פועלים ארגונים בעלי אג'נדה מקומית כגון ה-MNLA. ארגונים אלו מבצעים התקפות נגד יעדים שונים וקיים סיכון מוחשי לישראלים אשר יבקרו במאלי.",פירוט
,המלצות משרדי החוץ והבריאות
מדגסקר,מדינה
01,רמת אזהרה
אמצעי זהירות רגילים,המלצה
ללא,המרחב המאוים
אין מידע,פירוט
,המלצות משרדי החוץ והבריאות
מוזמביק,מדינה
04\01,רמת אזהרה
רמת איום גבוהה (רמה 4) מומלץ להימנע מהגעה: צפון המדינה. ללא אזהרת מסע (רמה 1) מומלץ לנקוט באמצעי זהירות רגילים: שאר שטחי מוזמביק.,המלצה
צפון המדינה (ראו מפה),המרחב המאוים
"לאור פעילות טרור מצד קבוצות אסלאמיות קיצוניות באזור קאבו דלגדו בצפון המדינה, למול יעדי ממשל וביטחון לצד יעדים אזרחיים, קיים סיכון לחייהם של ישראלים השוהים במרחב.",פירוט
,המלצות משרדי החוץ והבריאות
מולדובה,מדינה
01,רמת אזהרה
אמצעי זהירות רגילים,המלצה
ללא,המרחב המאוים
אין מידע,פירוט
,המלצות משרדי החוץ והבריאות
מונגוליה,מדינה
01,רמת אזהרה
אמצעי זהירות רגילים,המלצה
ללא,המרחב המאוים
אין מידע,פירוט
,המלצות משרדי החוץ והבריאות
מונטנגרו,מדינה
01,רמת אזהרה
אמצעי זהירות רגילים,המלצה
ללא,המרחב המאוים
אין מידע,פירוט
,המלצות משרדי החוץ והבריאות
מונקו,מדינה
01,רמת אזהרה
אמצעי זהירות רגילים,המלצה
ללא,המרחב המאוים
אין מידע,פירוט
,המלצות משרדי החוץ והבריאות
מזרח טימור (הרפובליקה הדמוקרטית),מדינה
01,רמת אזהרה
אמצעי זהירות רגילים,המלצה
ללא,המרחב המאוים
אין מידע,פירוט
,המלצות משרדי החוץ והבריאות
מיאנמר,מדינה
01,רמת אזהרה
אמצעי זהירות רגילים,המלצה
ללא,המרחב המאוים
אין מידע,פירוט
,המלצות משרדי החוץ והבריאות
מיקרונזיה,מדינה
01,רמת אזהרה
אמצעי זהירות רגילים,המלצה
ללא,המרחב המאוים
אין מידע,פירוט
,המלצות משרדי החוץ והבריאות
מלאווי,מדינה
01,רמת אזהרה
אמצעי זהירות רגילים,המלצה
ללא,המרחב המאוים
אין מידע,פירוט
,המלצות משרדי החוץ והבריאות
מלזיה,מדינה
03,רמת אזהרה
להימנע מנסיעות שאינן חיוניות,המלצה
כלל שטחי המדינה,המרחב המאוים
"בשל נוכחות של גורמי אסלאם רדיקלי בחלקים מהמדינה, לצד עוינות עמוקה לישראל מצד חלקים באוכלוסיה, מתקיים סיכון לביטחונם של ישראלים המבקרים/שוהים במדינה זו.",פירוט
,המלצות משרדי החוץ והבריאות
מלטה,מדינה
01,רמת אזהרה
אמצעי זהירות רגילים,המלצה
ללא,המרחב המאוים
אין מידע,פירוט
,המלצות משרדי החוץ והבריאות
מצרים,מדינה
04,רמת אזהרה
אין להגיע למדינה זו ובמקרה של שהייה יש לעזוב את המדינה,המלצה
כלל שטחי המדינה,המרחב המאוים
"לאור חשש כי גורמי טרור ינסו לפגוע בישראלים השוהים במצרים, זאת על רקע מלחמת ""חרבות ברזל"", יש להימנע מנסיעות למדינה זו ובמקרה של שהייה יש לעזוב את המדינה.",פירוט
,המלצות משרדי החוץ והבריאות
מקסיקו,מדינה
01,רמת אזהרה
אמצעי זהירות רגילים,המלצה
ללא,המרחב המאוים
אין מידע,פירוט
,המלצות משרדי החוץ והבריאות
מרוקו,מדינה
03,רמת אזהרה
לנקוט באמצעי זהירות מוגברים,המלצה
כלל שטחי המדינה,המרחב המאוים
"לאור חשש כי גורמי טרור ינסו לפגוע בישראלים השוהים במרוקו, זאת על רקע מלחמת ""חרבות ברזל"", יש להימנע מנסיעות שאינן חיוניות למדינה.",פירוט
,המלצות משרדי החוץ והבריאות
נאורו,מדינה
01,רמת אזהרה
אמצעי זהירות רגילים,המלצה
ללא,המרחב המאוים
אין מידע,פירוט
,המלצות משרדי החוץ והבריאות
נורווגיה,מדינה
01,רמת אזהרה
אמצעי זהירות רגילים,המלצה
ללא,המרחב המאוים
אין מידע,פירוט
,המלצות משרדי החוץ והבריאות
ניגריה,מדינה
02/04,רמת אזהרה
רמת איום גבוהה (רמה 4) מומלץ להימנע מהגעה: צפון המדינה. איום מזדמן (רמה 2) מומלץ לנקוט באמצעי זהירות מוגברים: דרום המדינה.,המלצה
כלל שטחי המדינה,המרחב המאוים
"על רקע פעילות מתמשכת של ארגון הטרור ""בוקו חראם"", בדגש על צפון המדינה, קיים איום פוטנציאלי מתמשך במדינה כולה. יודגש, כי איום חמור יותר מתקיים בצפון המדינה.",פירוט
,המלצות משרדי החוץ והבריאות
ניו זילנד,מדינה
01,רמת אזהרה
אמצעי זהירות רגילים,המלצה
ללא,המרחב המאוים
אין מידע,פירוט
,המלצות משרדי החוץ והבריאות
ניז'ר,מדינה
03,רמת אזהרה
להימנע מנסיעות שאינן חיוניות,המלצה
כלל שטחי המדינה,המרחב המאוים
"נוכח איומי JNIM (קואליצת ארגוני טרור מוסלמים) בצפון המדינה ופעילות ארגוני טרור במערב אפריקה (ארגון ""בוקו חראם"") מדרום, ישנו איום לפיגועי חטיפה ופיגועים נגד יעדים מקומיים ומערביים, לרבות ישראלים ויהודים.",פירוט
,המלצות משרדי החוץ והבריאות
ניקרגואה,מדינה
01,רמת אזהרה
אמצעי זהירות רגילים,המלצה
ללא,המרחב המאוים
אין מידע,פירוט
,המלצות משרדי החוץ והבריאות
נמיביה,מדינה
01,רמת אזהרה
אמצעי זהירות רגילים,המלצה
ללא,המרחב המאוים
אין מידע,פירוט
,המלצות משרדי החוץ והבריאות
נפאל,מדינה
01,רמת אזהרה
אמצעי זהירות רגילים,המלצה
ללא,המרחב המאוים
אין מידע,פירוט
,המלצות משרדי החוץ והבריאות
סאו טומה ופרינסיפ,מדינה
01,רמת אזהרה
אמצעי זהירות רגילים,המלצה
ללא,המרחב המאוים
אין מידע,פירוט
,המלצות משרדי החוץ והבריאות
סודאן,מדינה
03,רמת אזהרה
להימנע מנסיעות שאינן חיוניות,המלצה
כלל שטחי המדינה,המרחב המאוים
לאור סיכון מצד גורמי טרור הפועלים בסודן קיים סיכון ממשי לביטחונם של אזרחי ישראל המבקרים/שוהים בסודן.,פירוט
,המלצות משרדי החוץ והבריאות
סוואזילנד,מדינה
01,רמת אזהרה
אמצעי זהירות רגילים,המלצה
ללא,המרחב המאוים
אין מידע,פירוט
,המלצות משרדי החוץ והבריאות
סומליה,מדינה
04,רמת אזהרה
להימנע מהגעה,המלצה
כלל שטחי המדינה,המרחב המאוים
בשל איומי טרור מתמשכים בסומליה ונוכח עוינות עמוקה מצד הרחוב המוסלמי לישראל מתקיים איום טרור מוחשי על ישראלים המבקרים/שוהים במדינה זו.,פירוט
,המלצות משרדי החוץ והבריאות
סוריה,מדינה
04,רמת אזהרה
חל איסור על הגעה לסוריה,המלצה
כלל שטחי המדינה,המרחב המאוים
"לאור התבססות גורמי טרור במדינה, בדגש על איראן וחזבאללה, לצד המשך נוכחות של ארגוני ג'האד עולמי, קיים איום חמור ומתמשך על אזרחי ישראל המבקרים/שוהים בסוריה. זאת ועוד, על פי ""חוק ההסתננות"" נאסר על תושבי ישראל לבקר במדינה זו.",פירוט
,המלצות משרדי החוץ והבריאות
סורינאם,מדינה
01,רמת אזהרה
אמצעי זהירות רגילים,המלצה
ללא,המרחב המאוים
אין מידע,פירוט
,המלצות משרדי החוץ והבריאות
סיירה ליאונה,מדינה
01,רמת אזהרה
אמצעי זהירות רגילים,המלצה
ללא,המרחב המאוים
אין מידע,פירוט
,המלצות משרדי החוץ והבריאות
סין,מדינה
01,רמת אזהרה
אמצעי זהירות רגילים,המלצה
ללא,המרחב המאוים
אין מידע,פירוט
,המלצות משרדי החוץ והבריאות
סינגפור,מדינה
01,רמת אזהרה
אמצעי זהירות רגילים,המלצה
ללא,המרחב המאוים
אין מידע,פירוט
,המלצות משרדי החוץ והבריאות
מצרים (חצי האי סיני),מדינה
04,רמת אזהרה
להימנע מנסיעות שאינן חיוניות לסיני,המלצה
כלל שטחי סיני,המרחב המאוים
"לאור חשש כי גורמי טרור ינסו לפגוע בישראלים השוהים בסיני, זאת על רקע מלחמת ""חרבות ברזל"", יש להימנע מנסיעות למדינה זו ובמקרה של שהייה יש לעזוב את המדינה.",פירוט
,המלצות משרדי החוץ והבריאות
סלובניה,מדינה
01,רמת אזהרה
אמצעי זהירות רגילים,המלצה
ללא,המרחב המאוים
"על מדינה זו לא חלה אזהרת מסע בהקשרי טרור, אך לאור השיטפונות המתחוללים במדינה, משרד החוץ פרסם המלצות לישראלים המתעדים להגיע למדינה.",פירוט
,המלצות משרדי החוץ והבריאות
סלובקיה,מדינה
01,רמת אזהרה
אמצעי זהירות רגילים,המלצה
ללא,המרחב המאוים
אין מידע,פירוט
,המלצות משרדי החוץ והבריאות
סמואה,מדינה
01,רמת אזהרה
אמצעי זהירות רגילים,המלצה
ללא,המרחב המאוים
אין מידע,פירוט
,המלצות משרדי החוץ והבריאות
סן מרינו,מדינה
01,רמת אזהרה
אמצעי זהירות רגילים,המלצה
ללא,המרחב המאוים
אין מידע,פירוט
,המלצות משרדי החוץ והבריאות
סנגל,מדינה
01\03,רמת אזהרה
מזרח המדינה: רמת איום בינונית (רמה 3) להימנע מנסיעות שאינן חיוניות; שאר שטחי סנגל: ללא אזהרת מסע (רמה 1) מומלץ לנקוט באמצעי זהירות רגילים,המלצה
"מזרח המדינה, ראו מפה",המרחב המאוים
ארגוני טרור ממערב אפריקה ומהסהל מקיימים פעילות גם במזרח סנגל. ארגונים אלו עלולים לבצע פיגועים או חטיפות אזרחים ממדינות שונות לרבות ישראלים שישהו במרחב.,פירוט
,המלצות משרדי החוץ והבריאות
סנט וינסנט והגרנדינס,מדינה
01,רמת אזהרה
אמצעי זהירות רגילים,המלצה
ללא,המרחב המאוים
אין מידע,פירוט
,המלצות משרדי החוץ והבריאות
סנט לוסיה,מדינה
01,רמת אזהרה
אמצעי זהירות רגילים,המלצה
ללא,המרחב המאוים
אין מידע,פירוט
,המלצות משרדי החוץ והבריאות
סנט קיטס ונוויס,מדינה
01,רמת אזהרה
אמצעי זהירות רגילים,המלצה
ללא,המרחב המאוים
אין מידע,פירוט
,המלצות משרדי החוץ והבריאות
ספרד,מדינה
01,רמת אזהרה
אמצעי זהירות רגילים,המלצה
ללא,המרחב המאוים
אין מידע,פירוט
,המלצות משרדי החוץ והבריאות
סרביה,מדינה
01,רמת אזהרה
אמצעי זהירות רגילים,המלצה
ללא,המרחב המאוים
אין מידע,פירוט
,המלצות משרדי החוץ והבריאות
סרי לנקה,מדינה
01,רמת אזהרה
אמצעי זהירות רגילים,המלצה
ללא,המרחב המאוים
אין מידע,פירוט
,המלצות משרדי החוץ והבריאות
עומאן,מדינה
03,רמת אזהרה
להימנע מנסיעות שאינן חיוניות,המלצה
כלל שטחי המדינה,המרחב המאוים
"נוכח איומי טרור פוטנציאלים, מתקיימים סיכונים לביטחונם של אזרחי ישראל המבקרים/שוהים בעומאן.",פירוט
,המלצות משרדי החוץ והבריאות
עיראק,מדינה
04,רמת אזהרה
"חל איסור על הגעה לעיראק, כולל החבל הכורדי",המלצה
כלל שטחי המדינה - כולל החבל הכורדי,המרחב המאוים
"לאור פעילות ענפה של מספר ארגוני טרור במדינה, אשר חלקם הצהירו על כוונתם לפגוע בישראל, קיים סיכון ממשי לישראלים שיבקרו/ישהו במדינה - כולל בחבל הכורדי שבצפון עיראק. זאת עוד, על פי ""חוק ההסתננות"" נאסר על תושבי ישראל לבקר במדינה זו.",פירוט
,המלצות משרדי החוץ והבריאות
ערב הסעודית,מדינה
03,רמת אזהרה
חל איסור על נסיעה,המלצה
כלל שטחי המדינה,המרחב המאוים
"לאור פעילות תשתיות טרור קיצוניות ועוינות ציבורית עמוקה לישראל מתקיים סיכון טרור חמור על כל אזרחי ישראל המבקרים/שוהים במדינה. זאת ועוד, על פי ""חוק ההסתננות"" נאסר על תושבי ישראל לבקר במדינה זו.",פירוט
,המלצות משרדי החוץ והבריאות
פאלאו,מדינה
01,רמת אזהרה
אמצעי זהירות רגילים,המלצה
ללא,המרחב המאוים
אין מידע,פירוט
,המלצות משרדי החוץ והבריאות
פולין,מדינה
01,רמת אזהרה
אמצעי זהירות רגילים,המלצה
ללא,המרחב המאוים
אין מידע,פירוט
,המלצות משרדי החוץ והבריאות
פורטוגל,מדינה
01,רמת אזהרה
אמצעי זהירות רגילים,המלצה
ללא,המרחב המאוים
אין מידע,פירוט
,המלצות משרדי החוץ והבריאות
פיג'י,מדינה
01,רמת אזהרה
אמצעי זהירות רגילים,המלצה
ללא,המרחב המאוים
אין מידע,פירוט
,המלצות משרדי החוץ והבריאות
פיליפינים,מדינה
04\01,רמת אזהרה
רמת איום גבוהה (רמה 4) מומלץ להימנע מהגעה במרחב: מינדנאו וקבוצת איי סולו- דרום המדינה. ללא אזהרת מסע (רמה 1) מומלץ לנקוט באמצעי זהירות רגילים: שאר שטחי הפיליפינים.,המלצה
"כלל מינדנאו (דרום הפליפינים) וקבוצת איי סולו, ראו מפה",המרחב המאוים
"בשל נוכחות ופעילות של ארגוני טרור במרחב מינדנאו וקבוצת איי סולו, קיים סיכון לבטחונם ושלומם של ישראלים אשר יבקרו/ישהו במרחב.",פירוט
,המלצות משרדי החוץ והבריאות
פינלנד,מדינה
01,רמת אזהרה
אמצעי זהירות רגילים,המלצה
ללא,המרחב המאוים
אין מידע,פירוט
,המלצות משרדי החוץ והבריאות
פנמה,מדינה
01,רמת אזהרה
אמצעי זהירות רגילים,המלצה
ללא,המרחב המאוים
אין מידע,פירוט
,המלצות משרדי החוץ והבריאות
פפואה ניו גיני,מדינה
01,רמת אזהרה
אמצעי זהירות רגילים,המלצה
ללא,המרחב המאוים
אין מידע,פירוט
,המלצות משרדי החוץ והבריאות
פקיסטאן,מדינה
04,רמת אזהרה
להימנע מהגעה,המלצה
כלל שטחי המדינה,המרחב המאוים
"לאור נוכחות ופעילות אינטנסיבית של גורמי טרור ואסלאם קיצוני בכל רחבי פקיסטן, לצד עויינות ""הרחוב"" כלפי ישראל, מתקיים סיכון ממשי לביטחונם של ישראלים המבקרים/שוהים במדינה זו.",פירוט
,המלצות משרדי החוץ והבריאות
פרגוואי,מדינה
01,רמת אזהרה
אמצעי זהירות רגילים,המלצה
ללא,המרחב המאוים
אין מידע,פירוט
,המלצות משרדי החוץ והבריאות
פרו,מדינה
01,רמת אזהרה
אמצעי זהירות רגילים,המלצה
ללא,המרחב המאוים
אין מידע,פירוט
,המלצות משרדי החוץ והבריאות
צפון מקדוניה,מדינה
01,רמת אזהרה
אמצעי זהירות רגילים,המלצה
ללא,המרחב המאוים
אין מידע,פירוט
,המלצות משרדי החוץ והבריאות
צ'אד,מדינה
01\03,רמת אזהרה
רמת איום בינונית (רמה 3) מומלץ להימנע מנסיעות שאינן חיוניות: דרום מערב המדינה. ללא אזהרת מסע (רמה 1) מומלץ לנקוט באמצעי זהירות רגילים: שאר שטחי צ'אד.,המלצה
"דרום מערב צ'אד, ראו מפה",המרחב המאוים
"ארגון הטרור ""בוקו חראם"" מבצע פיגועי טרור בצ'אד, סמוך לגבולה הדרום מערבי עם ניגריה, כולל עיר הבירה נג'מה ואזור ימת צ'אד. כך, במערב צ'אד קיים סיכון לבטחונם ושלומם של ישראלים אשר יבקרו/ישהו במרחב.",פירוט
,המלצות משרדי החוץ והבריאות
צ'ילה,מדינה
01,רמת אזהרה
אמצעי זהירות רגילים,המלצה
ללא,המרחב המאוים
אין מידע,פירוט
,המלצות משרדי החוץ והבריאות
צ'כיה,מדינה
01,רמת אזהרה
אמצעי זהירות רגילים,המלצה
ללא,המרחב המאוים
אין מידע,פירוט
,המלצות משרדי החוץ והבריאות
צרפת,מדינה
01,רמת אזהרה
אמצעי זהירות רגילים,המלצה
אין מידע,המרחב המאוים
אין מידע,פירוט
,המלצות משרדי החוץ והבריאות
צ'צניה (רוסיה),מדינה
04,רמת אזהרה
להימנע מהגעה,המלצה
כלל שטחי המדינה,המרחב המאוים
"בשל נוכחות של גורמי טרור בצ'צ'ניה, קיים סיכון לבטחונם ושלומם של ישראלים אשר יבקרו/ישהו במדינה.",פירוט
,המלצות משרדי החוץ והבריאות
קובה,מדינה
01,רמת אזהרה
אמצעי זהירות רגילים,המלצה
ללא,המרחב המאוים
אין מידע,פירוט
,המלצות משרדי החוץ והבריאות
קולומביה,מדינה
01,רמת אזהרה
אמצעי זהירות רגילים,המלצה
ללא,המרחב המאוים
אין מידע,פירוט
,המלצות משרדי החוץ והבריאות
קוסובו,מדינה
01,רמת אזהרה
אמצעי זהירות רגילים,המלצה
ללא,המרחב המאוים
אין מידע,פירוט
,המלצות משרדי החוץ והבריאות
קוסטה ריקה,מדינה
01,רמת אזהרה
אמצעי זהירות רגילים,המלצה
ללא,המרחב המאוים
אין מידע,פירוט
,המלצות משרדי החוץ והבריאות
קומורוס (איי קומרוס),מדינה
01,רמת אזהרה
אמצעי זהירות רגילים,המלצה
ללא,המרחב המאוים
אין מידע,פירוט
,המלצות משרדי החוץ והבריאות
קונגו (הרפובליקה הדמוקרטית),מדינה
04\02,רמת אזהרה
"רמת איום גבוהה (רמה 4) מומלץ להימנע מהגעה: מזרח המדינה, צפון המדינה ומחוזות קסאי בדרום. איום מזדמן (רמה 2) מומלץ לנקוט באמצעי זהירות מוגברים: שאר שטחי קונגו.",המלצה
"מחוזות נורד (צפון) קיבו, סוד (דרום) קיבו, איטורי, האוט אלא, בס אלא, טנג'ניקה ושלושת מחוזות קסאי.",המרחב המאוים
"החל מ-2019 מזוהה עליה בפעילות ארגוני טרור שונים (בהם פעילי ""המדינה האסלאמית"") במספר מחוזות בחזרח, דרום וצפון קונגו. קיים סיכון לביטחונם ושלומם של ישראלים המבקרים/שוהים באזורים אלו.",פירוט
,המלצות משרדי החוץ והבריאות
קוריאה הדרומית,מדינה
01,רמת אזהרה
אמצעי זהירות רגילים,המלצה
ללא,המרחב המאוים
אין מידע,פירוט
,המלצות משרדי החוץ והבריאות
קוריאה הצפונית,מדינה
01,רמת אזהרה
אמצעי זהירות רגילים,המלצה
ללא,המרחב המאוים
אין מידע,פירוט
,המלצות משרדי החוץ והבריאות
קזחסטאן,מדינה
01,רמת אזהרה
אמצעי זהירות רגילים,המלצה
ללא,המרחב המאוים
אין מידע,פירוט
,המלצות משרדי החוץ והבריאות
קטאר,מדינה
03,רמת אזהרה
להימנע מנסיעות שאינן חיוניות,המלצה
כלל שטחי המדינה,המרחב המאוים
"לאור עויינות הרחוב הקטארי כלפי ישראל ונוכחותם של גורמי טרור בקטאר, מתקיימים סיכונים לביטחונם של אזרחי ישראל המבקרים/שוהים בקטאר.",פירוט
,המלצות משרדי החוץ והבריאות
קייפ ורדה,מדינה
01,רמת אזהרה
אמצעי זהירות רגילים,המלצה
ללא,המרחב המאוים
אין מידע,פירוט
,המלצות משרדי החוץ והבריאות
קירגיזסטן,מדינה
01,רמת אזהרה
אמצעי זהירות רגילים,המלצה
ללא,המרחב המאוים
אין מידע,פירוט
,המלצות משרדי החוץ והבריאות
קיריבטי,מדינה
01,רמת אזהרה
אמצעי זהירות רגילים,המלצה
ללא,המרחב המאוים
אין מידע,פירוט
,המלצות משרדי החוץ והבריאות
קמבודיה,מדינה
01,רמת אזהרה
אמצעי זהירות רגילים,המלצה
ללא,המרחב המאוים
אין מידע,פירוט
,המלצות משרדי החוץ והבריאות
קמרון,מדינה
04\01,רמת אזהרה
רמת איום גבוהה (רמה 4) מומלץ להימנע מהגעה: צפון המדינה. ללא אזהרת מסע (רמה 1) מומלץ לנקוט באמצעי זהירות רגילים: שאר שטחי המדינה.,המלצה
צפון המדינה (ראו מפה),המרחב המאוים
"ארגון הטרור ""בוקו חראם"" מבצע תקיפות כנגד יעדים שונים בצפון מערב קמרון, סמוך לגבול עם ניגריה. האיום המרכזי הינו פיגועי חטיפה לצד פיגועים ביעדים מקומיים ומערביים.",פירוט
,המלצות משרדי החוץ והבריאות
קנדה,מדינה
01,רמת אזהרה
אמצעי זהירות רגילים,המלצה
ללא,המרחב המאוים
אין מידע,פירוט
,המלצות משרדי החוץ והבריאות
קניה,מדינה
01\03,רמת אזהרה
רמת איום בינונית (רמה 3) מומלץ להימנע מנסיעות שאינן חיוניות צפון ומזרח המדינה. ללא אזהרת מסע (רמה 1) מומלץ לנקוט באמצעי זהירות רגילים: שאר חלקי המדינה.,המלצה
צפון ומזרח קניה (ראו מפה),המרחב המאוים
"ארגוני הטרור האסלאמי (בהובלת אלשבאב הסומלי, המזוהה עם אלקאעדה) פועלים בקניה באזור הגבול עם סומליה ורצועת החוף, בעומק המדינה ובאזור ניירובי. לאור זאת, קיים חשש כי ישראלים יהוו יעד לפעילות של גורמי טרור.",פירוט
,המלצות משרדי החוץ והבריאות
קפריסין,מדינה
01,רמת אזהרה
אמצעי זהירות רגילים,המלצה
ללא,המרחב המאוים
"על קפריסין אין אזהרת מסע בהקשרי טרור, לצד זאת, על חלקה הצפוני מוחלת אזהרת מסע מטעם משרד החוץ ומומלץ להתעדכן בפרטים למתעתדים לבקר בחלקה הצפוני של קפריסין",פירוט
,המלצות משרדי החוץ והבריאות
קרואטיה,מדינה
01,רמת אזהרה
אמצעי זהירות רגילים,המלצה
ללא,המרחב המאוים
אין מידע,פירוט
,המלצות משרדי החוץ והבריאות
רואנדה,מדינה
01,רמת אזהרה
אמצעי זהירות רגילים,המלצה
ללא,המרחב המאוים
אין מידע,פירוט
,המלצות משרדי החוץ והבריאות
רומניה,מדינה
01,רמת אזהרה
אמצעי זהירות רגילים,המלצה
ללא,המרחב המאוים
אין מידע,פירוט
,המלצות משרדי החוץ והבריאות
רוסיה,מדינה
01\04,רמת אזהרה
רמת איום גבוהה (רמה 4) לא להגיע לאזור צפון הקווקז ללא אזהרת מסע (רמה 1) על שאר שטחי המדינה,המלצה
"הרפובליקות אדיגיאה, צ'צ'ניה, דאגסטן שבירתה מחצ׳קאלה, אינגושטיה, קברדינו-בלקריה, קלמיקיה, קראצ'אי - צ'רקסיה, צפון אוסטיה - אלניה, והמחוזות קרסנודאר וסטברופול שבירתו מינרלנייה וודי",המרחב המאוים
"לאור חשש כי גורמי טרור וגורמים פרו פלסטיניים ינסו לפגוע בישראלים השוהים בצפון הקווקז, זאת על רקע מלחמת ""חרבות ברזל"", יש להימנע מנסיעות למדינה זו ובמקרה של שהייה יש לעזוב את המדינה.",פירוט
,המלצות משרדי החוץ והבריאות
שוודיה,מדינה
01,רמת אזהרה
אמצעי זהירות רגילים,המלצה
ללא,המרחב המאוים
אין מידע,פירוט
,המלצות משרדי החוץ והבריאות
שווייץ,מדינה
01,רמת אזהרה
אמצעי זהירות רגילים,המלצה
ללא,המרחב המאוים
אין מידע,פירוט
,המלצות משרדי החוץ והבריאות
תאילנד,מדינה
01\04,רמת אזהרה
רמת איום גבוהה (רמה 4) מומלץ להימנע מהגעה דרום המדינה (לא כולל האיים). ללא אזהרת מסע (רמה 1) מומלץ לנקוט באמצעי זהירות רגילים: שאר שטחי תאילנד.,המלצה
"מחוזות Yala, Sungkla, Pattani, Narathiwat, הנמצאים בדרום תאילנד.",המרחב המאוים
"בדרום תאילנד מתקיימת פעילות טרור של מילציות מקומיות, בפרט במחוזות ""הדרום העמוק"", הסמוכים למלזיה. בראשם עומד ארגון ה-BRN, המבצע עשרות פיגועים בשנה. לאור זאת, קיים סיכון לישראלים אשר שוהים/מבקרים במחוזות Yala, Sungkla, Pattani, Narathiwat, הנמצאים בדרום תאילנד.",פירוט
,המלצות משרדי החוץ והבריאות
תוניסיה,מדינה
03/04,רמת אזהרה
"רמת איום גבוהה (רמה 4) מומלץ להימנע מהגעה: מערב המדינה, המרחב הסמוך לגבולות עם אלג'יריה ולוב ושטחי דרום המדינה. רמת איום בינונית (רמה 3) מומלץ להימנע מנסיעות שאינן חיוניות: שאר שטחי המדינה.",המלצה
כלל שטחי המדינה,המרחב המאוים
"לאור חשש מפעילות ארגוני טרור כנגד תיירים או סמלי שלטון במדינה, יש לנקוט באמצעי זהירות מוגברים בהגעה למדינה. כמו כן, יש להימנע מהגעה למערב המדינה ולמרחבים הסמוכים לגבולות המדינה עם אלג'יריה ולוב, לאור פעילות ארגוני טרור בשטחן.",פירוט
,המלצות משרדי החוץ והבריאות
תורכיה,מדינה
04,רמת אזהרה
אין להגיע למדינה זו ובמקרה של שהייה יש לעזוב את המדינה,המלצה
כלל שטחי המדינה,המרחב המאוים
"לאור חשש כי גורמי טרור ינסו לפגוע בישראלים השוהים בתורכיה, יש להימנע מנסיעות למדינה זו ובמקרה של שהייה יש לעזוב את המדינה",פירוט
,המלצות משרדי החוץ והבריאות
תורכמניסטן,מדינה
01,רמת אזהרה
אמצעי זהירות רגילים,המלצה
ללא,המרחב המאוים
אין מידע,פירוט
,המלצות משרדי החוץ והבריאות
תימן,מדינה
04,רמת אזהרה
חל איסור על הגעה,המלצה
כלל שטחי המדינה,המרחב המאוים
"לאור קיומן של תשתיות טרור ענפות במדינה (בדגש לחות'ים), מתקיים סיכון טרור חמור על כל אזרחי ישראל המבקרים/שוהים בתימן. זאת ועוד, על פי ""חוק ההסתננות"" נאסר על אזרחי תושבי לבקר במדינה זו.",פירוט
,המלצות משרדי החוץ והבריאות
