מדינה,רמת אזהרה,המלצה,המרחב המאוים,פירוט,המלצות משרדי החוץ והבריאות
אוגנדה,02,אמצעי זהירות מוגברים,כלל שטחי המדינה,"לאור מספר אירועי טרור שהתרחשו לאחרונה באוגנדה וחשש מקיומן של תשתיות טרור שונות במדינה ופעילות מצידן, קיים איום פוטנציאלי מתמשך לפגיעה בישראלים/יהודים השוהים במדינה.",
אוזבקיסטן,03/04,"מרחב משותף בגבול בין אוזבקיסטן לאפגניסטן: רמת איום גבוהה (רמה 4), ממליצים להימנע מהגעה של 30 קילומטר מהגבול. שאר שטחי המדינה: רמת איום בינונית (רמה 3) ומומלץ להימנע מנסיעות שאינן חיוניות",כלל שטחי המדינה,"בעקבות מלחמת ""חרבות ברזל"" ישנה עלייה משמעותית בעוינות כלפי ישראלים ויהודים ברחבי העולם, במוקד: מחאות, הסתה ותקריות אנטישמיות. כמו כן, קיימת עלייה במוטיבציה של גורמי טרור לפגוע בישראלים/יהודים השוהים במדינה. לאור זאת, מומלץ לשקול נסיעות שאינן חיוניות למדינה זו.",
אוסטריה,02,אמצעי זהירות מוגברים,כלל שטחי המדינה,"בעקבות מלחמת ""חרבות ברזל"" ישנה עלייה משמעותית בעוינות כלפי ישראלים ויהודים ברחבי העולם, במוקד: מחאות, הסתה ותקריות אנטישמיות. כמו כן, קיימת עלייה במוטיבציה של גורמי טרור לפגוע בישראלים/יהודים באשר הם. לאור זאת, מומלץ לשוהים במדינה לנקוט באמצעי זהירות מוגברים.",
אוסטרליה,02,אמצעי זהירות מוגברים,כלל שטחי המדינה,"בעקבות מלחמת ""חרבות ברזל"" ישנה עלייה משמעותית בעוינות כלפי ישראלים ויהודים ברחבי העולם, במוקד: מחאות, הסתה ותקריות אנטישמיות. כמו כן, קיימת עלייה במוטיבציה של גורמי טרור לפגוע בישראלים/יהודים באשר הם. לאור זאת, מומלץ לשוהים במדינה לנקוט באמצעי זהירות מוגברים.",
אוקראינה,02,אמצעי זהירות מוגברים,כלל שטחי המדינה,"בעקבות מלחמת ""חרבות ברזל"" ישנה עלייה משמעותית בעוינות כלפי ישראלים ויהודים ברחבי העולם, במוקד: מחאות, הסתה ותקריות אנטישמיות. כמו כן, קיימת עלייה במוטיבציה של גורמי טרור לפגוע בישראלים/יהודים באשר הם. לאור זאת, מומלץ לשוהים במדינה לנקוט באמצעי זהירות מוגברים.",
אורוגואי,01,אמצעי זהירות רגילים,ללא,אין מידע,
אזרביג'אן,02,אמצעי זהירות מוגברים,כלל שטחי המדינה,"לאור חשש מקיומן של תשתיות טרור שונות באזרביג'אן, קיים איום פוטנציאלי מתמשך לפגיעה בישראלים/יהודים השוהים במדינה.",
איחוד האמירויות הערביות,03,להימנע מנסיעות שאינן חיוניות,כלל שטחי המדינה,"במאע""מ מתקיימת פעילות של גורמי טרור, המהווה סיכון ממשי לישראלים אשר שוהים/מבקרים במדינה.",
איטליה,02,אמצעי זהירות מוגברים,כלל שטחי המדינה,"בעקבות מלחמת ""חרבות ברזל"" ישנה עלייה משמעותית בעוינות כלפי ישראלים ויהודים ברחבי העולם, במוקד: מחאות, הסתה ותקריות אנטישמיות. כמו כן, קיימת עלייה במוטיבציה של גורמי טרור לפגוע בישראלים/יהודים באשר הם. לאור זאת, מומלץ לשוהים במדינה לנקוט באמצעי זהירות מוגברים.",
איי בהאמה,01,אמצעי זהירות רגילים,ללא,אין מידע,
איי מרשל,01,אמצעי זהירות רגילים,ללא,אין מידע,
איי סיישל,02,אמצעי זהירות מוגברים,כלל שטחי המדינה,"בעקבות מלחמת ""חרבות ברזל"" ישנה עלייה משמעותית בעוינות כלפי ישראלים ויהודים ברחבי העולם, במוקד: מחאות, הסתה ותקריות אנטישמיות. כמו כן, קיימת עלייה במוטיבציה של גורמי טרור לפגוע בישראלים/יהודים באשר הם. לאור זאת, מומלץ לשוהים במדינה לנקוט באמצעי זהירות מוגברים.",
איי שלמה,01,אמצעי זהירות רגילים,ללא,אין מידע,
אינדונזיה,03\04,"רמת איום גבוהה (רמה 4) מומלץ להימנע מהגעה: פפואה המערבית, איי סלוואסי, סומטרה,מחוז אצ'ה וחלקים מג'אווה. רמת איום בינונית (רמה 3) מומלץ להימנע מנסיעות שאינן חיוניות: שאר שטחי אינדונזיה.",כלל שטחי המדינה,"לאור פעילות ארגוני טרור מוסלמים במספר מוקדים באינדונזיה, למול יעדי ממשל וביטחון לצד יעדים אזרחיים, קיים חשש לחייהם של ישראלים השוהים/מבקרים במדינה.",
איסלנד,01,אמצעי זהירות רגילים,ללא,אין מידע,
איראן,04,חל איסור על נסיעה למדינה,כלל שטחי המדינה,"נוכח העוינות העמוקה לישראל מצד המשטר האיראני ולאור איומי טרור פוטנציאלים מתקיים סיכון ממשי לביטחונם של ישראלים המבקרים/שוהים במדינה זו זאת ועוד, על פי ""חוק ההסתננות"" נאסר על תושבי ישראל לבקר במדינה זו.",
אירלנד,02,אמצעי זהירות מוגברים,כלל שטחי המדינה,"בעקבות מלחמת ""חרבות ברזל"" ישנה עלייה משמעותית בעוינות כלפי ישראלים ויהודים ברחבי העולם, במוקד: מחאות, הסתה ותקריות אנטישמיות. כמו כן, קיימת עלייה במוטיבציה של גורמי טרור לפגוע בישראלים/יהודים באשר הם. לאור זאת, מומלץ לשוהים במדינה לנקוט באמצעי זהירות מוגברים.",
אל סלבדור,01,אמצעי זהירות רגילים,ללא,אין מידע,
אלבניה,03,להימנע מנסיעות שאינן חיוניות,כלל שטחי המדינה,"בעקבות מלחמת ""חרבות ברזל"" ישנה עלייה משמעותית בעוינות כלפי ישראלים ויהודים ברחבי העולם, במוקד: מחאות, הסתה ותקריות אנטישמיות. כמו כן, קיימת עלייה במוטיבציה של גורמי טרור לפגוע בישראלים/יהודים השוהים במדינה. לאור זאת, מומלץ לשקול נסיעות שאינן חיוניות למדינה זו.",
אלג'יריה,04,להימנע מהגעה,כלל שטחי המדינה,"במדינה קיימת פעילות של ארגוני טרור, בשנים האחרונות בוצעו מספר התקפות טרור במדינה על ידי ארגונים כגון JNIM ו""המדינה האסלאמית"" (דאע""ש), המחזיקים תשתיות במדינה. במקביל, קיימת ברחוב האלג'יראי עוינות כלפי ישראל. לאור זאת, קיים סיכון לבטחונם של ישראלים אשר יבקרו במדינה",
אנגולה,02,אמצעי זהירות מוגברים,כלל שטחי המדינה,"בעקבות מלחמת ""חרבות ברזל"" ישנה עלייה משמעותית בעוינות כלפי ישראלים ויהודים ברחבי העולם, במוקד: מחאות, הסתה ותקריות אנטישמיות. כמו כן, קיימת עלייה במוטיבציה של גורמי טרור לפגוע בישראלים/יהודים באשר הם. לאור זאת, מומלץ לשוהים במדינה לנקוט באמצעי זהירות מוגברים.",
אנדורה,01,אמצעי זהירות רגילים,ללא,אין מידע,
אנטיגואה וברבודה,01,אמצעי זהירות רגילים,ללא,אין מידע,
אסטוניה,01,אמצעי זהירות רגילים,ללא,אין מידע,
אפגניסטן,04,להימנע מהגעה,כלל שטחי המדינה,"לאור איום מתמשך מצד ארגוני טרור, בראשם הטליבן, אל-קאעידה והמדינה האסלמית (דעא""ש), הגורמים לעשרות נפגעים מידי חודש בקרב האוכלוסיה וגורמי הביטחון המקומיים, מתקיים סיכון ממשי לביטחונם של ישראלים המבקרים/שוהים במדינה זו.",
אקוואדור,01,אמצעי זהירות רגילים,ללא,אין מידע,
ארגנטינה,02,אמצעי זהירות מוגברים,כלל שטחי המדינה,"בעקבות מלחמת ""חרבות ברזל"" ישנה עלייה משמעותית בעוינות כלפי ישראלים ויהודים ברחבי העולם, במוקד: מחאות, הסתה ותקריות אנטישמיות. כמו כן, קיימת עלייה במוטיבציה של גורמי טרור לפגוע בישראלים/יהודים באשר הם. לאור זאת, מומלץ לשוהים במדינה לנקוט באמצעי זהירות מוגברים.",
אריתריאה,03,להימנע מנסיעות שאינן חיוניות,כלל שטחי המדינה,"בעקבות מלחמת ""חרבות ברזל"" ישנה עלייה משמעותית בעוינות כלפי ישראלים ויהודים ברחבי העולם, במוקד: מחאות, הסתה ותקריות אנטישמיות. כמו כן, קיימת עלייה במוטיבציה של גורמי טרור לפגוע בישראלים/יהודים השוהים במדינה. לאור זאת, מומלץ לשקול נסיעות שאינן חיוניות למדינה זו.",
ארמניה,01,אמצעי זהירות רגילים,ללא,אין מידע,
ארצות הברית,01,אמצעי זהירות רגילים,ללא,אין מידע,
אתיופיה,01\02,איום מזדמן (רמה 2) מומלץ לנקוט באמצעי זהירות מוגברים: דרום ומזרח המדינה. ללא אזהרת מסע (רמה 1) מומלץ לנקוט באמצעי זהירות רגילים: שאר שטחי המדינה.,דרום מזרח המדינה (ראו מפה),"לאור החשש מנוכחות תשתיות טרור של ארגון אלשבאב הסומלי במדינה ופעילות מצידן, קיים איום פוטנציאלי מתמשך, לפגיעה בישראלים/יהודים השוהים במחוז הסומלי באתיופיה שבמזרח המדינה ואזור הגבול עם ג'יבוטי. לתשומת לבכם, על אתיופיה חלה בנוסף אזהרת מסע של משרד החוץ.",
בהוטן,01,אמצעי זהירות רגילים,ללא,אין מידע,
בולגריה,02,אמצעי זהירות מוגברים,כלל שטחי המדינה,"בעקבות מלחמת ""חרבות ברזל"" ישנה עלייה משמעותית בעוינות כלפי ישראלים ויהודים ברחבי העולם, במוקד: מחאות, הסתה ותקריות אנטישמיות. כמו כן, קיימת עלייה במוטיבציה של גורמי טרור לפגוע בישראלים/יהודים באשר הם. לאור זאת, מומלץ לשוהים במדינה לנקוט באמצעי זהירות מוגברים.",
בוליביה,02,אמצעי זהירות מוגברים,כלל שטחי המדינה,"בעקבות מלחמת ""חרבות ברזל"" ישנה עלייה משמעותית בעוינות כלפי ישראלים ויהודים ברחבי העולם, במוקד: מחאות, הסתה ותקריות אנטישמיות. כמו כן, קיימת עלייה במוטיבציה של גורמי טרור לפגוע בישראלים/יהודים באשר הם. לאור זאת, מומלץ לשוהים במדינה לנקוט באמצעי זהירות מוגברים.",
בוסניה הרצגובינה,03,להימנע מנסיעות שאינן חיוניות,כלל שטחי המדינה,"בעקבות מלחמת ""חרבות ברזל"" ישנה עלייה משמעותית בעוינות כלפי ישראלים ויהודים ברחבי העולם, במוקד: מחאות, הסתה ותקריות אנטישמיות. כמו כן, קיימת עלייה במוטיבציה של גורמי טרור לפגוע בישראלים/יהודים השוהים במדינה. לאור זאת, מומלץ לשקול נסיעות שאינן חיוניות למדינה זו.",
בוטסואנה,02,אמצעי זהירות מוגברים,כלל שטחי המדינה,"בעקבות מלחמת ""חרבות ברזל"" ישנה עלייה משמעותית בעוינות כלפי ישראלים ויהודים ברחבי העולם, במוקד: מחאות, הסתה ותקריות אנטישמיות. כמו כן, קיימת עלייה במוטיבציה של גורמי טרור לפגוע בישראלים/יהודים באשר הם. לאור זאת, מומלץ לשוהים במדינה לנקוט באמצעי זהירות מוגברים.",
בורונדי,02,אמצעי זהירות מוגברים,ללא,"בעקבות מלחמת ""חרבות ברזל"" ישנה עלייה משמעותית בעוינות כלפי ישראלים ויהודים ברחבי העולם, במוקד: מחאות, הסתה ותקריות אנטישמיות. כמו כן, קיימת עלייה במוטיבציה של גורמי טרור לפגוע בישראלים/יהודים באשר הם. לאור זאת, מומלץ לשוהים במדינה לנקוט באמצעי זהירות מוגברים.",
בורקינה פאסו,04,להימנע מהגעה למדינה,כלל שטחי המדינה,"בשנים האחרונות ניכרת החמרה בפעילות הטרור במדינה מצד גורמי ג'האד עולמי, במסגרת זו, בוצעו פיגועי טרור, ובכלל זאת התקפות על יעדים תיירותיים בבירה, כולל מתקפה על מבנה השגרירות הצרפתית בעיר. לאור זאת, קיים סיכון לחייהם של ישראלים אשר יבקרו במדינה זו.",
בחריין,04,להימנע מהגעה,כלל שטחי המדינה,"בעקבות מלחמת ""חרבות ברזל"" ישנה עלייה משמעותית בעוינות כלפי ישראלים ויהודים ברחבי העולם, במוקד: מחאות, הסתה ותקריות אנטישמיות. כמו כן, קיימת עלייה במוטיבציה של גורמי טרור לפגוע בישראלים/יהודים השוהים במדינה. לאור זאת, מומלץ לא להגיע למדינה זו.",
בלארוס,01,אמצעי זהירות רגילים,ללא,אין מידע,
בלגיה,02,אמצעי זהירות מוגברים,כלל שטחי המדינה,"בעקבות מלחמת ""חרבות ברזל"" ישנה עלייה משמעותית בעוינות כלפי ישראלים ויהודים ברחבי העולם, במוקד: מחאות, הסתה ותקריות אנטישמיות. כמו כן, קיימת עלייה במוטיבציה של גורמי טרור לפגוע בישראלים/יהודים באשר הם. לאור זאת, מומלץ לשוהים במדינה לנקוט באמצעי זהירות מוגברים.",
בליז,01,אמצעי זהירות רגילים,ללא,"על מדינה זו לא חלה אזהרת מסע בהקשרי טרור, אך לאור המצב הביטחוני בארץ בעקבות ״חרבות ברזל״, משרד החוץ פרסם המלצות לישראלים הצפויים להגיע למדינה. https://www.gov.il/he/departments/publications/reports/belize201123",
בנגלדש,04,להימנע מכל ביקור/שהייה במדינה לאור נוכחות ופעילות של תומכי וחברי ארגוני ג'האד עולמי.,כלל שטחי המדינה,"בעקבות מלחמת ""חרבות ברזל"" ישנה עלייה משמעותית בעוינות כלפי ישראלים ויהודים ברחבי העולם, במוקד: מחאות, הסתה ותקריות אנטישמיות. כמו כן, קיימת עלייה במוטיבציה של גורמי טרור לפגוע בישראלים/יהודים השוהים במדינה. לאור זאת, מומלץ לא להגיע למדינה זו.",
בנין,02\04,"רמת איום גבוהה (רמה 4) מומלץ להימנע מהגעה: כ-30 ק""מ מהגבול של בנין עם בורקינה פאסו. איום מזדמן (רמה 2) מומלץ לנקוט באמצעי זהירות מוגברים: שאר שטחי המדינה.",כלל שטחי המדינה,"בעקבות מלחמת ""חרבות ברזל"" ישנה עלייה משמעותית בעוינות כלפי ישראלים ויהודים ברחבי העולם, במוקד: מחאות, הסתה ותקריות אנטישמיות. כמו כן, קיימת עלייה במוטיבציה של גורמי טרור לפגוע בישראלים/יהודים באשר הם. לאור זאת, מומלץ לשוהים במדינה לנקוט באמצעי זהירות מוגברים.",
ברבדוס,01,אמצעי זהירות רגילים,ללא,אין מידע,
ברוניי,03,להימנע מנסיעות שאינן חיוניות,כלל שטחי המדינה,"בעקבות מלחמת ""חרבות ברזל"" ישנה עלייה משמעותית בעוינות כלפי ישראלים ויהודים ברחבי העולם, במוקד: מחאות, הסתה ותקריות אנטישמיות. כמו כן, קיימת עלייה במוטיבציה של גורמי טרור לפגוע בישראלים/יהודים השוהים במדינה. לאור זאת, מומלץ לשקול נסיעות שאינן חיוניות למדינה זו.",
ברזיל,02,אמצעי זהירות מוגברים,כלל שטחי המדינה,"בעקבות מלחמת ""חרבות ברזל"" ישנה עלייה משמעותית בעוינות כלפי ישראלים ויהודים ברחבי העולם, במוקד: מחאות, הסתה ותקריות אנטישמיות. כמו כן, קיימת עלייה במוטיבציה של גורמי טרור לפגוע בישראלים/יהודים באשר הם. לאור זאת, מומלץ לשוהים במדינה לנקוט באמצעי זהירות מוגברים.",
בריטניה,02,אמצעי זהירות מוגברים,כלל שטחי המדינה,"בעקבות מלחמת ""חרבות ברזל"" ישנה עלייה משמעותית בעוינות כלפי ישראלים ויהודים ברחבי העולם, במוקד: מחאות, הסתה ותקריות אנטישמיות. כמו כן, קיימת עלייה במוטיבציה של גורמי טרור לפגוע בישראלים/יהודים באשר הם. לאור זאת, מומלץ לשוהים במדינה לנקוט באמצעי זהירות מוגברים.",
גאבון,02,אמצעי זהירות מוגברים,כלל שטחי המדינה,"בעקבות מלחמת ""חרבות ברזל"" ישנה עלייה משמעותית בעוינות כלפי ישראלים ויהודים ברחבי העולם, במוקד: מחאות, הסתה ותקריות אנטישמיות. כמו כן, קיימת עלייה במוטיבציה של גורמי טרור לפגוע בישראלים/יהודים באשר הם. לאור זאת, מומלץ לשוהים במדינה לנקוט באמצעי זהירות מוגברים.",
גאורגיה,02,אמצעי זהירות מוגברים,כלל שטחי המדינה,"בעקבות מלחמת ""חרבות ברזל"" ישנה עלייה משמעותית בעוינות כלפי ישראלים ויהודים ברחבי העולם, במוקד: מחאות, הסתה ותקריות אנטישמיות. כמו כן, קיימת עלייה במוטיבציה של גורמי טרור לפגוע בישראלים/יהודים באשר הם. לאור זאת, מומלץ לשוהים במדינה לנקוט באמצעי זהירות מוגברים.",
גאנה,02,אמצעי זהירות מוגברים,כלל שטחי המדינה,"בעקבות מלחמת ""חרבות ברזל"" ישנה עלייה משמעותית בעוינות כלפי ישראלים ויהודים ברחבי העולם, במוקד: מחאות, הסתה ותקריות אנטישמיות. כמו כן, קיימת עלייה במוטיבציה של גורמי טרור לפגוע בישראלים/יהודים באשר הם. לאור זאת, מומלץ לשוהים במדינה לנקוט באמצעי זהירות מוגברים.",
גווטמלה,01,אמצעי זהירות רגילים,ללא,אין מידע,
גויאנה,01,אמצעי זהירות רגילים,ללא,אין מידע,
ג'יבוטי,02/04,"רמת איום גבוהה (רמה 4) מומלץ להימנע מהגעה: כ-30 ק""מ מהגבול של ג'יבוטי עם סומליה בדרום וכ-30 ק""מ מהגבול של ג'יבוטי עם אריתריאה בצפון. רמת איום מזדמן (רמה 2) מומלץ לנקוט באמצעי זהירות מוגברים: שאר שטחי המדינה.",כלל שטחי המדינה,"לאור החשש מפעילות טרור מצד ארגון ""אלשבאב הסומלי"", יש לנקוט באמצעי זהירות מוגברים בעת השהייה בג'יבוטי. כמו כן, יש להימנע מהגעה של לפחות 30 ק""מ ממרחב הגבול של ג'יבוטי עם סומליה בדרום ומרחב הגבול של ג'יבוטי עם אריתריאה בצפון.",
גינאה,02,אמצעי זהירות מוגברים,כלל שטחי המדינה,"בעקבות מלחמת ""חרבות ברזל"" ישנה עלייה משמעותית בעוינות כלפי ישראלים ויהודים ברחבי העולם, במוקד: מחאות, הסתה ותקריות אנטישמיות. כמו כן, קיימת עלייה במוטיבציה של גורמי טרור לפגוע בישראלים/יהודים באשר הם. לאור זאת, מומלץ לשוהים במדינה לנקוט באמצעי זהירות מוגברים.",
גינאה המשוונית,02,אמצעי זהירות מוגברים,כלל שטחי המדינה,"בעקבות מלחמת ""חרבות ברזל"" ישנה עלייה משמעותית בעוינות כלפי ישראלים ויהודים ברחבי העולם, במוקד: מחאות, הסתה ותקריות אנטישמיות. כמו כן, קיימת עלייה במוטיבציה של גורמי טרור לפגוע בישראלים/יהודים באשר הם. לאור זאת, מומלץ לשוהים במדינה לנקוט באמצעי זהירות מוגברים.",
גינאה-ביסאו,02,אמצעי זהירות מוגברים,כלל שטחי המדינה,"בעקבות מלחמת ""חרבות ברזל"" ישנה עלייה משמעותית בעוינות כלפי ישראלים ויהודים ברחבי העולם, במוקד: מחאות, הסתה ותקריות אנטישמיות. כמו כן, קיימת עלייה במוטיבציה של גורמי טרור לפגוע בישראלים/יהודים באשר הם. לאור זאת, מומלץ לשוהים במדינה לנקוט באמצעי זהירות מוגברים.",
ג'מאיקה,01,אמצעי זהירות רגילים,ללא,אין מידע,
גמביה,02,אמצעי זהירות מוגברים,כלל שטחי המדינה,"בעקבות מלחמת ""חרבות ברזל"" ישנה עלייה משמעותית בעוינות כלפי ישראלים ויהודים ברחבי העולם, במוקד: מחאות, הסתה ותקריות אנטישמיות. כמו כן, קיימת עלייה במוטיבציה של גורמי טרור לפגוע בישראלים/יהודים באשר הם. לאור זאת, מומלץ לשוהים במדינה לנקוט באמצעי זהירות מוגברים.",
גרמניה,02,אמצעי זהירות מוגברים,כלל שטחי המדינה,"בעקבות מלחמת ""חרבות ברזל"" ישנה עלייה משמעותית בעוינות כלפי ישראלים ויהודים ברחבי העולם, במוקד: מחאות, הסתה ותקריות אנטישמיות. כמו כן, קיימת עלייה במוטיבציה של גורמי טרור לפגוע בישראלים/יהודים באשר הם. לאור זאת, מומלץ לשוהים במדינה לנקוט באמצעי זהירות מוגברים.",
גרנדה,01,אמצעי זהירות רגילים,ללא,אין מידע,
דומיניקה,01,אמצעי זהירות רגילים,ללא,אין מידע,
דנמרק,01,אמצעי זהירות רגילים,ללא,אין מידע,
דרום אפריקה,03,אמצעי זהירות מוגברים,כלל שטחי המדינה,"בעקבות מלחמת ""חרבות ברזל"" ישנה עלייה משמעותית בעוינות כלפי ישראלים ויהודים ברחבי העולם, במוקד: מחאות, הסתה ותקריות אנטישמיות. כמו כן, קיימת עלייה במוטיבציה של גורמי טרור לפגוע בישראלים/יהודים השוהים במדינה. לאור זאת, מומלץ לשקול נסיעות שאינן חיוניות למדינה זו.",
דרום סודן,02,אמצעי זהירות מוגברים,כלל שטחי המדינה,"בעקבות מלחמת ""חרבות ברזל"" ישנה עלייה משמעותית בעוינות כלפי ישראלים ויהודים ברחבי העולם, במוקד: מחאות, הסתה ותקריות אנטישמיות. כמו כן, קיימת עלייה במוטיבציה של גורמי טרור לפגוע בישראלים/יהודים באשר הם. לאור זאת, מומלץ לשוהים במדינה לנקוט באמצעי זהירות מוגברים.",
האיטי,01,אמצעי זהירות רגילים,ללא,אין מידע,
האיים המלדיביים,02,אמצעי זהירות מוגברים,כלל שטחי המדינה,"בעקבות מלחמת ""חרבות ברזל"" ישנה עלייה משמעותית בעוינות כלפי ישראלים ויהודים ברחבי העולם, במוקד: מחאות, הסתה ותקריות אנטישמיות. כמו כן, קיימת עלייה במוטיבציה של גורמי טרור לפגוע בישראלים/יהודים באשר הם. לאור זאת, מומלץ לשוהים במדינה לנקוט באמצעי זהירות מוגברים.",
הודו,02\04,"רמת איום גבוהה (רמה 4) להימנע מכל ביקור/שהייה במדינה: חבל קשמיר, מלבד לדאק לאור איום טרור מוחשי וקונקרטי. איום מזדמן (רמה 2) מומלץ לנקוט באמצעי זהירות מוגברים: שאר שטחי הודו.",כלל שטחי המדינה,"בעקבות מלחמת ""חרבות ברזל"" ישנה עלייה משמעותית בעוינות כלפי ישראלים ויהודים ברחבי העולם, במוקד: מחאות, הסתה ותקריות אנטישמיות. כמו כן, קיימת עלייה במוטיבציה של גורמי טרור לפגוע בישראלים/יהודים באשר הם. לאור זאת, מומלץ לשוהים במדינה לנקוט באמצעי זהירות מוגברים.",
הולנד,02,אמצעי זהירות מוגברים,כלל שטחי המדינה,"בעקבות מלחמת ""חרבות ברזל"" ישנה עלייה משמעותית בעוינות כלפי ישראלים ויהודים ברחבי העולם, במוקד: מחאות, הסתה ותקריות אנטישמיות. כמו כן, קיימת עלייה במוטיבציה של גורמי טרור לפגוע בישראלים/יהודים באשר הם. לאור זאת, מומלץ לשוהים במדינה לנקוט באמצעי זהירות מוגברים.",
הונג קונג,01,אמצעי זהירות רגילים,ללא,אין מידע,
הונגריה,02,אמצעי זהירות מוגברים,כלל שטחי המדינה,"בעקבות מלחמת ""חרבות ברזל"" ישנה עלייה משמעותית בעוינות כלפי ישראלים ויהודים ברחבי העולם, במוקד: מחאות, הסתה ותקריות אנטישמיות. כמו כן, קיימת עלייה במוטיבציה של גורמי טרור לפגוע בישראלים/יהודים באשר הם. לאור זאת, מומלץ לשוהים במדינה לנקוט באמצעי זהירות מוגברים.",
הונדורס,01,אמצעי זהירות רגילים,ללא,אין מידע,
הרפובליקה הדומיניקנית,01,אמצעי זהירות רגילים,ללא,אין מידע,
הרפובליקה המרכז אפריקנית,04,להימנע מכל ביקור/שהייה במדינה,כלל שטחי המדינה,"לאור פעילות טרור ענפה ומצב בטחוני רעוע, בכל אזורי הרפובליקה המרכז אפריקנית, קיים סיכון ממשי לישראלים אשר יבקרו/ישהו במדינה. אנו ממליצים להימנע מהגעה לשטחי המדינה.",
הרפובליקה של קונגו,02,אמצעי זהירות מוגברים,כלל שטחי המדינה,"בעקבות מלחמת ""חרבות ברזל"" ישנה עלייה משמעותית בעוינות כלפי ישראלים ויהודים ברחבי העולם, במוקד: מחאות, הסתה ותקריות אנטישמיות. כמו כן, קיימת עלייה במוטיבציה של גורמי טרור לפגוע בישראלים/יהודים באשר הם. לאור זאת, מומלץ לשוהים במדינה לנקוט באמצעי זהירות מוגברים.",
וייטנאם,01,אמצעי זהירות רגילים,ללא,אין מידע,
וותיקן,01,אמצעי זהירות רגילים,ללא,אין מידע,
ונואטו,01,אמצעי זהירות רגילים,ללא,אין מידע,
ונצואלה,02,אמצעי זהירות מוגברים,כלל שטחי המדינה,"בעקבות מלחמת ""חרבות ברזל"" ישנה עלייה משמעותית בעוינות כלפי ישראלים ויהודים ברחבי העולם, במוקד: מחאות, הסתה ותקריות אנטישמיות. כמו כן, קיימת עלייה במוטיבציה של גורמי טרור לפגוע בישראלים/יהודים באשר הם. לאור זאת, מומלץ לשוהים במדינה לנקוט באמצעי זהירות מוגברים.",
זימבבואה,02,אמצעי זהירות מוגברים,כלל שטחי המדינה,"בעקבות מלחמת ""חרבות ברזל"" ישנה עלייה משמעותית בעוינות כלפי ישראלים ויהודים ברחבי העולם, במוקד: מחאות, הסתה ותקריות אנטישמיות. כמו כן, קיימת עלייה במוטיבציה של גורמי טרור לפגוע בישראלים/יהודים באשר הם. לאור זאת, מומלץ לשוהים במדינה לנקוט באמצעי זהירות מוגברים.",
זמביה,02,אמצעי זהירות מוגברים,כלל שטחי המדינה,"בעקבות מלחמת ""חרבות ברזל"" ישנה עלייה משמעותית בעוינות כלפי ישראלים ויהודים ברחבי העולם, במוקד: מחאות, הסתה ותקריות אנטישמיות. כמו כן, קיימת עלייה במוטיבציה של גורמי טרור לפגוע בישראלים/יהודים באשר הם. לאור זאת, מומלץ לשוהים במדינה לנקוט באמצעי זהירות מוגברים.",
חוף השנהב,03,להימנע מנסיעות שאינן חיוניות,כלל שטחי המדינה,"לאור פעילות גורמי טרור במדינה, בהם ארגוני אסלאם רדיקלי, קיים איום מוחשי לביטחון אזרחי ישראל השוהים בחוף השנהב.",
טג'יקיסטאן,04/03,"רמת איום גבוהה (רמה 4): ממליצים להימנע מהגעה של 30 קילומטר מהגבול המשותף בין טג'יקיסטן לאפגניסטן לאור חשש ממשי כי גורמי טרור הפועלים באפגניסטן ינסו לפגוע/לחטוף תיירים, בהם ישראלים.  רמת איום בינונית (רמה 3) מומלץ להימנע מנסיעות שאינן חיוניות: שאר שטחי המדינה.",כלל שטחי המדינה,"בעקבות מלחמת ""חרבות ברזל"" ישנה עלייה משמעותית בעוינות כלפי ישראלים ויהודים ברחבי העולם, במוקד: מחאות, הסתה ותקריות אנטישמיות. כמו כן, קיימת עלייה במוטיבציה של גורמי טרור לפגוע בישראלים/יהודים השוהים במדינה. לאור זאת, מומלץ לשקול נסיעות שאינן חיוניות למדינה זו.",
טובאלו,01,אמצעי זהירות רגילים,ללא,אין מידע,
טוגו,02/04,"רמת איום גבוהה (רמה 4) להימנע מכל ביקור/שהייה במדינה: כ-30 ק""מ מהגבול של טוגו עם בורקינה פאסו. איום מזדמן (רמה 2) מומלץ לנקוט באמצעי זהירות מוגברים: שאר שטחי המדינה.",כלל שטחי המדינה,"בעקבות מלחמת ""חרבות ברזל"" ישנה עלייה משמעותית בעוינות כלפי ישראלים ויהודים ברחבי העולם, במוקד: מחאות, הסתה ותקריות אנטישמיות. כמו כן, קיימת עלייה במוטיבציה של גורמי טרור לפגוע בישראלים/יהודים באשר הם. לאור זאת, מומלץ לשוהים במדינה לנקוט באמצעי זהירות מוגברים.",
טונגה,01,אמצעי זהירות רגילים,ללא,אין מידע,
טייואן,01,אמצעי זהירות רגילים,ללא,אין מידע,
טנזניה,02,אמצעי זהירות מוגברים,כלל שטחי המדינה,"בעקבות מלחמת ""חרבות ברזל"" ישנה עלייה משמעותית בעוינות כלפי ישראלים ויהודים ברחבי העולם, במוקד: מחאות, הסתה ותקריות אנטישמיות. כמו כן, קיימת עלייה במוטיבציה של גורמי טרור לפגוע בישראלים/יהודים באשר הם. לאור זאת, מומלץ לשוהים במדינה לנקוט באמצעי זהירות מוגברים.",
טרינידד וטובגו,01,אמצעי זהירות רגילים,ללא,אין מידע,
יוון,02,אמצעי זהירות מוגברים,כלל שטחי המדינה,"בעקבות מלחמת ""חרבות ברזל"" ישנה עלייה משמעותית בעוינות כלפי ישראלים ויהודים ברחבי העולם, במוקד: מחאות, הסתה ותקריות אנטישמיות. כמו כן, קיימת עלייה במוטיבציה של גורמי טרור לפגוע בישראלים/יהודים באשר הם. לאור זאת, מומלץ לשוהים במדינה לנקוט באמצעי זהירות מוגברים.",
יפן,01,אמצעי זהירות רגילים,ללא,אין מידע,
ירדן,04,אין להגיע למדינה זו ובמקרה של שהייה יש לעזוב את המדינה,כלל שטחי המדינה,"לאור חשש כי גורמי טרור ינסו לפגוע בישראלים השוהים בירדן, זאת על רקע מלחמת ""חרבות ברזל"", יש להימנע מנסיעות למדינה זו ובמקרה של שהייה יש לעזוב את המדינה.",
כווית,04,להימנע מהגעה,כלל שטחי המדינה,"לאור פעילות גורמי טרור במדינה, בדגש על ארגוני אסלאם רדיקלי, קיים איום מוחשי לביטחון אזרחי ישראל השוהים בכוווית.",
לאוס,01,אמצעי זהירות רגילים,ללא,אין מידע,
לבנון,04,חל איסור על נסיעה,כלל שטחי המדינה,"לאור קיומם של ארגוני הטרור הפועלים בשטחה של המדינה (חזבאללה, טרור פלסטיני וג'האד עולמי) ועוינות ציבורית עמוקה לישראל מתקיים סיכון טרור חמור על כל אזרחי ישראל המבקרים/שוהים בלבנון. זאת ועוד, על פי ""חוק ההסתננות"" נאסר על תושבי ישראל לבקר במדינה זו.",
לוב,04,להימנע מהגעה,כלל שטחי המדינה,"במדינה זו מתקיימת במשך שנים רבות מלחמת אזרחים, לצד פעילות ענפה של ארגוני טרור רבים, חלקם בעלי אג'נדה מקומית; מתקפות טרור ופעולות אלימות הינן אירועים שכיחים במדינה זו וקיים סיכון חמור לישראלים אשר יבקרו בלוב.",
לוקסמבורג,01,אמצעי זהירות רגילים,ללא,אין מידע,
לטביה,01,אמצעי זהירות רגילים,ללא,אין מידע,
ליבריה,02,אמצעי זהירות מוגברים,כלל שטחי המדינה,"בעקבות מלחמת ""חרבות ברזל"" ישנה עלייה משמעותית בעוינות כלפי ישראלים ויהודים ברחבי העולם, במוקד: מחאות, הסתה ותקריות אנטישמיות. כמו כן, קיימת עלייה במוטיבציה של גורמי טרור לפגוע בישראלים/יהודים באשר הם. לאור זאת, מומלץ לשוהים במדינה לנקוט באמצעי זהירות מוגברים.",
ליטא,01,אמצעי זהירות רגילים,ללא,אין מידע,
ליכטנשטיין,01,אמצעי זהירות רגילים,ללא,אין מידע,
לסוטו,02,אמצעי זהירות מוגברים,כלל שטחי המדינה,"בעקבות מלחמת ""חרבות ברזל"" ישנה עלייה משמעותית בעוינות כלפי ישראלים ויהודים ברחבי העולם, במוקד: מחאות, הסתה ותקריות אנטישמיות. כמו כן, קיימת עלייה במוטיבציה של גורמי טרור לפגוע בישראלים/יהודים באשר הם. לאור זאת, מומלץ לשוהים במדינה לנקוט באמצעי זהירות מוגברים.",
מאוריטניה,04,להימנע מכל ביקור/שהייה במדינה,כלל שטחי המדינה,"בעקבות מלחמת ""חרבות ברזל"" ישנה עלייה משמעותית בעוינות כלפי ישראלים ויהודים ברחבי העולם, במוקד: מחאות, הסתה ותקריות אנטישמיות. כמו כן, קיימת עלייה במוטיבציה של גורמי טרור לפגוע בישראלים/יהודים השוהים במדינה. לאור זאת, מומלץ לא להגיע למדינה זו.",
מאוריציוס,02,אמצעי זהירות מוגברים,כלל שטחי המדינה,"בעקבות מלחמת ""חרבות ברזל"" ישנה עלייה משמעותית בעוינות כלפי ישראלים ויהודים ברחבי העולם, במוקד: מחאות, הסתה ותקריות אנטישמיות. כמו כן, קיימת עלייה במוטיבציה של גורמי טרור לפגוע בישראלים/יהודים באשר הם. לאור זאת, מומלץ לשוהים במדינה לנקוט באמצעי זהירות מוגברים.",
מאלי,04,להימנע מהגעה,כלל שטחי המדינה,"במדינה מתקיימת פעילות של מספר ארגוני טרור, כגון ""המדינה האסלאמית"" וג'מעאת נצרה אלאסלאם ואלמסלמין (JNIM) המזוהה עם אלקאעדה. במקביל, במרחב פועלים ארגונים בעלי אג'נדה מקומית כגון ה-MNLA. ארגונים אלו מבצעים התקפות נגד יעדים שונים וקיים סיכון מוחשי לישראלים אשר יבקרו במאלי.",
מדגסקר,02,אמצעי זהירות מוגברים,כלל שטחי המדינה,"בעקבות מלחמת ""חרבות ברזל"" ישנה עלייה משמעותית בעוינות כלפי ישראלים ויהודים ברחבי העולם, במוקד: מחאות, הסתה ותקריות אנטישמיות. כמו כן, קיימת עלייה במוטיבציה של גורמי טרור לפגוע בישראלים/יהודים באשר הם. לאור זאת, מומלץ לשוהים במדינה לנקוט באמצעי זהירות מוגברים.",
מוזמביק,04\02,רמת איום גבוהה (רמה 4) מומלץ להימנע מהגעה: צפון המדינה לאור פעילות טרור מצד קבוצות אסלאמיות קיצוניות באזור קאבו דלגדו. איום מזדמן (רמה 2) מומלץ לנקוט באמצעי זהירות מוגברים: שאר שטחי מוזמביק.,כלל שטחי המדינה,"בעקבות מלחמת ""חרבות ברזל"" ישנה עלייה משמעותית בעוינות כלפי ישראלים ויהודים ברחבי העולם, במוקד: מחאות, הסתה ותקריות אנטישמיות. כמו כן, קיימת עלייה במוטיבציה של גורמי טרור לפגוע בישראלים/יהודים באשר הם. לאור זאת, מומלץ לשוהים במדינה לנקוט באמצעי זהירות מוגברים.",
מולדובה,01,אמצעי זהירות רגילים,ללא,אין מידע,
מונגוליה,01,אמצעי זהירות רגילים,ללא,אין מידע,
מונטנגרו,01,אמצעי זהירות רגילים,ללא,אין מידע,
מונקו,01,אמצעי זהירות רגילים,ללא,אין מידע,
מזרח טימור (הרפובליקה הדמוקרטית),01,אמצעי זהירות רגילים,ללא,אין מידע,
מיאנמר,01,אמצעי זהירות רגילים,ללא,אין מידע,
מיקרונזיה,01,אמצעי זהירות רגילים,ללא,אין מידע,
מלאווי,02,אמצעי זהירות מוגברים,כלל שטחי המדינה,"בעקבות מלחמת ""חרבות ברזל"" ישנה עלייה משמעותית בעוינות כלפי ישראלים ויהודים ברחבי העולם, במוקד: מחאות, הסתה ותקריות אנטישמיות. כמו כן, קיימת עלייה במוטיבציה של גורמי טרור לפגוע בישראלים/יהודים באשר הם. לאור זאת, מומלץ לשוהים במדינה לנקוט באמצעי זהירות מוגברים.",
מלזיה,04,להימנע מכל ביקור/שהייה במדינה,כלל שטחי המדינה,"בעקבות מלחמת ""חרבות ברזל"" ישנה עלייה משמעותית בעוינות כלפי ישראלים ויהודים ברחבי העולם, במוקד: מחאות, הסתה ותקריות אנטישמיות. כמו כן, קיימת עלייה במוטיבציה של גורמי טרור לפגוע בישראלים/יהודים השוהים במדינה. לאור זאת, מומלץ לא להגיע למדינה זו.",
מלטה,02,אמצעי זהירות מוגברים,כלל שטחי המדינה,"בעקבות מלחמת ""חרבות ברזל"" ישנה עלייה משמעותית בעוינות כלפי ישראלים ויהודים ברחבי העולם, במוקד: מחאות, הסתה ותקריות אנטישמיות. כמו כן, קיימת עלייה במוטיבציה של גורמי טרור לפגוע בישראלים/יהודים באשר הם. לאור זאת, מומלץ לשוהים במדינה לנקוט באמצעי זהירות מוגברים.",
מצרים,04,אין להגיע למדינה זו ובמקרה של שהייה יש לעזוב את המדינה,כלל שטחי המדינה,"לאור חשש כי גורמי טרור ינסו לפגוע בישראלים השוהים במצרים, זאת על רקע מלחמת ""חרבות ברזל"", יש להימנע מנסיעות למדינה זו ובמקרה של שהייה יש לעזוב את המדינה.",
מקסיקו,01,אמצעי זהירות רגילים,ללא,אין מידע,
מרוקו,03,לנקוט באמצעי זהירות מוגברים,כלל שטחי המדינה,"לאור חשש כי גורמי טרור ינסו לפגוע בישראלים השוהים במרוקו, זאת על רקע מלחמת ""חרבות ברזל"", יש להימנע מנסיעות שאינן חיוניות למדינה.",
נאורו,01,אמצעי זהירות רגילים,ללא,אין מידע,
נורווגיה,01,אמצעי זהירות רגילים,ללא,אין מידע,
ניגריה,02/04,רמת איום גבוהה (רמה 4) מומלץ להימנע מהגעה: צפון המדינה. איום מזדמן (רמה 2) מומלץ לנקוט באמצעי זהירות מוגברים: דרום המדינה.,כלל שטחי המדינה,"על רקע פעילות מתמשכת של ארגון הטרור ""בוקו חראם"", בדגש על צפון המדינה, קיים איום פוטנציאלי מתמשך במדינה כולה. יודגש, כי איום חמור יותר מתקיים בצפון המדינה.",
ניו זילנד,01,אמצעי זהירות רגילים,ללא,אין מידע,
ניז'ר,03,להימנע מנסיעות שאינן חיוניות,כלל שטחי המדינה,"נוכח איומי JNIM (קואליצת ארגוני טרור מוסלמים) בצפון המדינה ופעילות ארגוני טרור במערב אפריקה (ארגון ""בוקו חראם"") מדרום, ישנו איום לפיגועי חטיפה ופיגועים נגד יעדים מקומיים ומערביים, לרבות ישראלים ויהודים.",
ניקרגואה,01,אמצעי זהירות רגילים,ללא,אין מידע,
נמיביה,02,אמצעי זהירות מוגברים,כלל שטחי המדינה,"בעקבות מלחמת ""חרבות ברזל"" ישנה עלייה משמעותית בעוינות כלפי ישראלים ויהודים ברחבי העולם, במוקד: מחאות, הסתה ותקריות אנטישמיות. כמו כן, קיימת עלייה במוטיבציה של גורמי טרור לפגוע בישראלים/יהודים באשר הם. לאור זאת, מומלץ לשוהים במדינה לנקוט באמצעי זהירות מוגברים.",
נפאל,01,אמצעי זהירות רגילים,ללא,אין מידע,
סאו טומה ופרינסיפ,02,אמצעי זהירות מוגברים,כלל שטחי המדינה,"בעקבות מלחמת ""חרבות ברזל"" ישנה עלייה משמעותית בעוינות כלפי ישראלים ויהודים ברחבי העולם, במוקד: מחאות, הסתה ותקריות אנטישמיות. כמו כן, קיימת עלייה במוטיבציה של גורמי טרור לפגוע בישראלים/יהודים באשר הם. לאור זאת, מומלץ לשוהים במדינה לנקוט באמצעי זהירות מוגברים.",
סודאן,04,להימנע מכל ביקור/שהייה במדינה,כלל שטחי המדינה,"בעקבות מלחמת ""חרבות ברזל"" ישנה עלייה משמעותית בעוינות כלפי ישראלים ויהודים ברחבי העולם, במוקד: מחאות, הסתה ותקריות אנטישמיות. כמו כן, קיימת עלייה במוטיבציה של גורמי טרור לפגוע בישראלים/יהודים השוהים במדינה. לאור זאת, מומלץ לא להגיע למדינה זו.",
סוואזילנד,02,אמצעי זהירות מוגברים,כלל שטחי המדינה,"בעקבות מלחמת ""חרבות ברזל"" ישנה עלייה משמעותית בעוינות כלפי ישראלים ויהודים ברחבי העולם, במוקד: מחאות, הסתה ותקריות אנטישמיות. כמו כן, קיימת עלייה במוטיבציה של גורמי טרור לפגוע בישראלים/יהודים באשר הם. לאור זאת, מומלץ לשוהים במדינה לנקוט באמצעי זהירות מוגברים.",
סומליה,04,להימנע מהגעה,כלל שטחי המדינה,בשל איומי טרור מתמשכים בסומליה ונוכח עוינות עמוקה מצד הרחוב המוסלמי לישראל מתקיים איום טרור מוחשי על ישראלים המבקרים/שוהים במדינה זו.,
סוריה,04,חל איסור על הגעה לסוריה,כלל שטחי המדינה,"לאור התבססות גורמי טרור במדינה, בדגש על איראן וחזבאללה, לצד המשך נוכחות של ארגוני ג'האד עולמי, קיים איום חמור ומתמשך על אזרחי ישראל המבקרים/שוהים בסוריה. זאת ועוד, על פי ""חוק ההסתננות"" נאסר על תושבי ישראל לבקר במדינה זו.",
סורינאם,01,אמצעי זהירות רגילים,ללא,אין מידע,
סיירה ליאונה,03,להימנע מנסיעות שאינן חיוניות,כלל שטחי המדינה,"בעקבות מלחמת ""חרבות ברזל"" ישנה עלייה משמעותית בעוינות כלפי ישראלים ויהודים ברחבי העולם, במוקד: מחאות, הסתה ותקריות אנטישמיות. כמו כן, קיימת עלייה במוטיבציה של גורמי טרור לפגוע בישראלים/יהודים השוהים במדינה. לאור זאת, מומלץ לשקול נסיעות שאינן חיוניות למדינה זו.",
סין,02,אמצעי זהירות מוגברים,כלל שטחי המדינה,"בעקבות מלחמת ""חרבות ברזל"" ישנה עלייה משמעותית בעוינות כלפי ישראלים ויהודים ברחבי העולם, במוקד: מחאות, הסתה ותקריות אנטישמיות. כמו כן, קיימת עלייה במוטיבציה של גורמי טרור לפגוע בישראלים/יהודים באשר הם. לאור זאת, מומלץ לשוהים במדינה לנקוט באמצעי זהירות מוגברים.",
סינגפור,01,אמצעי זהירות רגילים,ללא,אין מידע,
מצרים (חצי האי סיני),04,אין להגיע למדינה זו ובמקרה של שהייה יש לעזוב את המדינה,כלל שטחי סיני,"לאור חשש כי גורמי טרור ינסו לפגוע בישראלים השוהים בסיני, זאת על רקע מלחמת ""חרבות ברזל"", יש להימנע מנסיעות למדינה זו ובמקרה של שהייה יש לעזוב את המדינה.",
סלובניה,01,אמצעי זהירות רגילים,ללא,"על מדינה זו לא חלה אזהרת מסע בהקשרי טרור, אך לאור השיטפונות המתחוללים במדינה, משרד החוץ פרסם המלצות לישראלים המתעדים להגיע למדינה.",
סלובקיה,01,אמצעי זהירות רגילים,ללא,אין מידע,
סמואה,01,אמצעי זהירות רגילים,ללא,אין מידע,
סן מרינו,01,אמצעי זהירות רגילים,ללא,אין מידע,
סנגל,03,להימנע מנסיעות שאינן חיוניות,כלל שטחי המדינה,"בעקבות מלחמת ""חרבות ברזל"" ישנה עלייה משמעותית בעוינות כלפי ישראלים ויהודים ברחבי העולם, במוקד: מחאות, הסתה ותקריות אנטישמיות. כמו כן, קיימת עלייה במוטיבציה של גורמי טרור לפגוע בישראלים/יהודים השוהים במדינה. לאור זאת, מומלץ לשקול נסיעות שאינן חיוניות למדינה זו.",
סנט וינסנט והגרנדינס,01,אמצעי זהירות רגילים,ללא,אין מידע,
סנט לוסיה,01,אמצעי זהירות רגילים,ללא,אין מידע,
סנט קיטס ונוויס,01,אמצעי זהירות רגילים,ללא,אין מידע,
ספרד,02,אמצעי זהירות מוגברים,כלל שטחי המדינה,"בעקבות מלחמת ""חרבות ברזל"" ישנה עלייה משמעותית בעוינות כלפי ישראלים ויהודים ברחבי העולם, במוקד: מחאות, הסתה ותקריות אנטישמיות. כמו כן, קיימת עלייה במוטיבציה של גורמי טרור לפגוע בישראלים/יהודים באשר הם. לאור זאת, מומלץ לשוהים במדינה לנקוט באמצעי זהירות מוגברים.",
סרביה,01,אמצעי זהירות רגילים,ללא,אין מידע,
סרי לנקה,01,אמצעי זהירות רגילים,ללא,אין מידע,
עומאן,04,להימנע מכל ביקור/שהייה במדינה.,כלל שטחי המדינה,"בעקבות מלחמת ""חרבות ברזל"" ישנה עלייה משמעותית בעוינות כלפי ישראלים ויהודים ברחבי העולם, במוקד: מחאות, הסתה ותקריות אנטישמיות. כמו כן, קיימת עלייה במוטיבציה של גורמי טרור לפגוע בישראלים/יהודים השוהים במדינה. לאור זאת, מומלץ לא להגיע למדינה זו.",
עיראק,04,"חל איסור על הגעה לעיראק, כולל החבל הכורדי",כלל שטחי המדינה - כולל החבל הכורדי,"לאור פעילות ענפה של מספר ארגוני טרור במדינה, אשר חלקם הצהירו על כוונתם לפגוע בישראל, קיים סיכון ממשי לישראלים שיבקרו/ישהו במדינה - כולל בחבל הכורדי שבצפון עיראק. זאת עוד, על פי ""חוק ההסתננות"" נאסר על תושבי ישראל לבקר במדינה זו.",
ערב הסעודית,03,חל איסור על נסיעה,כלל שטחי המדינה,"לאור פעילות תשתיות טרור קיצוניות ועוינות ציבורית עמוקה לישראל מתקיים סיכון טרור חמור על כל אזרחי ישראל המבקרים/שוהים במדינה. זאת ועוד, על פי ""חוק ההסתננות"" נאסר על תושבי ישראל לבקר במדינה זו.",
פאלאו,01,אמצעי זהירות רגילים,ללא,אין מידע,
פולין,01,אמצעי זהירות רגילים,ללא,אין מידע,
פורטוגל,02,אמצעי זהירות מוגברים,כלל שטחי המדינה,"בעקבות מלחמת ""חרבות ברזל"" ישנה עלייה משמעותית בעוינות כלפי ישראלים ויהודים ברחבי העולם, במוקד: מחאות, הסתה ותקריות אנטישמיות. כמו כן, קיימת עלייה במוטיבציה של גורמי טרור לפגוע בישראלים/יהודים באשר הם. לאור זאת, מומלץ לשוהים במדינה לנקוט באמצעי זהירות מוגברים.",
פיג'י,01,אמצעי זהירות רגילים,ללא,אין מידע,
פיליפינים,04\02,רמת איום גבוהה (רמה 4)- דרום המדינה: מומלץ להימנע מהגעה למרחב מינדנאו וקבוצת איי סולו בשל נוכחות ופעילות של ארגוני טרור;  איום מזדמן (רמה 2) מומלץ לנקוט באמצעי זהירות מוגברים: שאר שטחי הפיליפינים.,כלל שטחי המדינה,"בעקבות מלחמת ""חרבות ברזל"" ישנה עלייה משמעותית בעוינות כלפי ישראלים ויהודים ברחבי העולם, במוקד: מחאות, הסתה ותקריות אנטישמיות. כמו כן, קיימת עלייה במוטיבציה של גורמי טרור לפגוע בישראלים/יהודים באשר הם. לאור זאת, מומלץ לשוהים במדינה לנקוט באמצעי זהירות מוגברים.",
פינלנד,01,אמצעי זהירות רגילים,ללא,אין מידע,
פנמה,01,אמצעי זהירות רגילים,ללא,אין מידע,
פפואה ניו גיני,01,אמצעי זהירות רגילים,ללא,אין מידע,
פקיסטאן,04,להימנע מהגעה,כלל שטחי המדינה,"לאור נוכחות ופעילות אינטנסיבית של גורמי טרור ואסלאם קיצוני בכל רחבי פקיסטן, לצד עויינות ""הרחוב"" כלפי ישראל, מתקיים סיכון ממשי לביטחונם של ישראלים המבקרים/שוהים במדינה זו.",
פרגוואי,01,אמצעי זהירות רגילים,ללא,אין מידע,
פרו,01,אמצעי זהירות רגילים,ללא,אין מידע,
צפון מקדוניה,01,אמצעי זהירות רגילים,ללא,אין מידע,
צ'אד,03,להימנע מנסיעות שאינן חיוניות,כלל שטחי המדינה,"בעקבות מלחמת ""חרבות ברזל"" ישנה עלייה משמעותית בעוינות כלפי ישראלים ויהודים ברחבי העולם, במוקד: מחאות, הסתה ותקריות אנטישמיות. כמו כן, קיימת עלייה במוטיבציה של גורמי טרור לפגוע בישראלים/יהודים השוהים במדינה. לאור זאת, מומלץ לשקול נסיעות שאינן חיוניות למדינה זו.",
צ'ילה,02,אמצעי זהירות מוגברים,כלל שטחי המדינה,"בעקבות מלחמת ""חרבות ברזל"" ישנה עלייה משמעותית בעוינות כלפי ישראלים ויהודים ברחבי העולם, במוקד: מחאות, הסתה ותקריות אנטישמיות. כמו כן, קיימת עלייה במוטיבציה של גורמי טרור לפגוע בישראלים/יהודים באשר הם. לאור זאת, מומלץ לשוהים במדינה לנקוט באמצעי זהירות מוגברים.",
צ'כיה,01,אמצעי זהירות רגילים,ללא,אין מידע,
צרפת,02,אמצעי זהירות מוגברים,כלל שטחי המדינה,"בעקבות מלחמת ""חרבות ברזל"" ישנה עלייה משמעותית בעוינות כלפי ישראלים ויהודים ברחבי העולם, במוקד: מחאות, הסתה ותקריות אנטישמיות. כמו כן, קיימת עלייה במוטיבציה של גורמי טרור לפגוע בישראלים/יהודים באשר הם. לאור זאת, מומלץ לשוהים במדינה לנקוט באמצעי זהירות מוגברים.",
צ'צניה (רוסיה),04,להימנע מהגעה,כלל שטחי המדינה,"בשל נוכחות של גורמי טרור בצ'צ'ניה, קיים סיכון לבטחונם ושלומם של ישראלים אשר יבקרו/ישהו במדינה.",
קובה,01,אמצעי זהירות רגילים,ללא,אין מידע,
קולומביה,01,אמצעי זהירות רגילים,ללא,אין מידע,
קוסובו,01,אמצעי זהירות רגילים,ללא,אין מידע,
קוסטה ריקה,01,אמצעי זהירות רגילים,ללא,אין מידע,
קומורוס (איי קומרוס),02,אמצעי זהירות מוגברים,כלל שטחי המדינה,"בעקבות מלחמת ""חרבות ברזל"" ישנה עלייה משמעותית בעוינות כלפי ישראלים ויהודים ברחבי העולם, במוקד: מחאות, הסתה ותקריות אנטישמיות. כמו כן, קיימת עלייה במוטיבציה של גורמי טרור לפגוע בישראלים/יהודים באשר הם. לאור זאת, מומלץ לשוהים במדינה לנקוט באמצעי זהירות מוגברים.",
קונגו (הרפובליקה הדמוקרטית),04\02,"רמת איום גבוהה (רמה 4) מומלץ להימנע מהגעה: מזרח המדינה, צפון המדינה ומחוזות קסאי בדרום. איום מזדמן (רמה 2) מומלץ לנקוט באמצעי זהירות מוגברים: שאר שטחי קונגו.","מחוזות נורד (צפון) קיבו, סוד (דרום) קיבו, איטורי, האוט אלא, בס אלא, טנג'ניקה ושלושת מחוזות קסאי.","החל מ-2019 מזוהה עליה בפעילות ארגוני טרור שונים (בהם פעילי ""המדינה האסלאמית"") במספר מחוזות בחזרח, דרום וצפון קונגו. קיים סיכון לביטחונם ושלומם של ישראלים המבקרים/שוהים באזורים אלו.",
קוריאה הדרומית,01,אמצעי זהירות רגילים,ללא,אין מידע,
קוריאה הצפונית,01,אמצעי זהירות רגילים,ללא,אין מידע,
קזחסטן,03,אמצעי זהירות מוגברים,כלל שטחי המדינה,"בעקבות מלחמת ""חרבות ברזל"" ישנה עלייה משמעותית בעוינות כלפי ישראלים ויהודים ברחבי העולם, במוקד: מחאות, הסתה ותקריות אנטישמיות. כמו כן, קיימת עלייה במוטיבציה של גורמי טרור לפגוע בישראלים/יהודים השוהים במדינה. לאור זאת, מומלץ לשקול נסיעות שאינן חיוניות למדינה זו.",
קטאר,04,להימנע מכל ביקור/שהייה במדינה,כלל שטחי המדינה,"בעקבות מלחמת ""חרבות ברזל"" ישנה עלייה משמעותית בעוינות כלפי ישראלים ויהודים ברחבי העולם, במוקד: מחאות, הסתה ותקריות אנטישמיות. כמו כן, קיימת עלייה במוטיבציה של גורמי טרור לפגוע בישראלים/יהודים השוהים במדינה. לאור זאת, מומלץ לא להגיע למדינה זו.",
קייפ ורדה,02,אמצעי זהירות מוגברים,כלל שטחי המדינה,"בעקבות מלחמת ""חרבות ברזל"" ישנה עלייה משמעותית בעוינות כלפי ישראלים ויהודים ברחבי העולם, במוקד: מחאות, הסתה ותקריות אנטישמיות. כמו כן, קיימת עלייה במוטיבציה של גורמי טרור לפגוע בישראלים/יהודים באשר הם. לאור זאת, מומלץ לשוהים במדינה לנקוט באמצעי זהירות מוגברים.",
קירגיזסטן,03,אמצעי זהירות מוגברים,ללא,"בעקבות מלחמת ""חרבות ברזל"" ישנה עלייה משמעותית בעוינות כלפי ישראלים ויהודים ברחבי העולם, במוקד: מחאות, הסתה ותקריות אנטישמיות. כמו כן, קיימת עלייה במוטיבציה של גורמי טרור לפגוע בישראלים/יהודים השוהים במדינה. לאור זאת, מומלץ לשקול נסיעות שאינן חיוניות למדינה זו.",
קיריבטי,01,אמצעי זהירות רגילים,ללא,אין מידע,
קמבודיה,01,אמצעי זהירות רגילים,ללא,אין מידע,
קמרון,04\02,"רמת איום גבוהה (רמה 4) מומלץ להימנע מהגעה: צפון המדינה לאור נוכחות ארגון הטרור ""בוקו חראם"". איום מזדמן (רמה 2) מומלץ לנקוט באמצעי זהירות מוגברים: שאר שטחי המדינה.",כלל שטחי המדינה,"בעקבות מלחמת ""חרבות ברזל"" ישנה עלייה משמעותית בעוינות כלפי ישראלים ויהודים ברחבי העולם, במוקד: מחאות, הסתה ותקריות אנטישמיות. כמו כן, קיימת עלייה במוטיבציה של גורמי טרור לפגוע בישראלים/יהודים באשר הם.",
קנדה,01,אמצעי זהירות רגילים,ללא,אין מידע,
קניה,02\03,"רמת איום בינונית (רמה 3) מומלץ להימנע מנסיעות שאינן חיוניות לצפון ומזרח המדינה (אזור הגבול עם סומליה ורצועת החוף), לאור נוכחות ארגוני טרור אסלאמי (אלשבאב הסומלי); איום מזדמן (רמה 2) מומלץ לנקוט באמצעי זהירות מוגברים: שאר חלקי המדינה.",כלל שטחי המדינה,"בעקבות מלחמת ""חרבות ברזל"" ישנה עלייה משמעותית בעוינות כלפי ישראלים ויהודים ברחבי העולם, במוקד: מחאות, הסתה ותקריות אנטישמיות. כמו כן, קיימת עלייה במוטיבציה של גורמי טרור לפגוע בישראלים/יהודים באשר הם.",
קפריסין,01,אמצעי זהירות רגילים,ללא,"על קפריסין אין אזהרת מסע בהקשרי טרור, לצד זאת, על חלקה הצפוני מוחלת אזהרת מסע מטעם משרד החוץ ומומלץ להתעדכן בפרטים למתעתדים לבקר בחלקה הצפוני של קפריסין",
קרואטיה,01,אמצעי זהירות רגילים,ללא,אין מידע,
רואנדה,02,אמצעי זהירות מוגברים,כלל שטחי המדינה,"בעקבות מלחמת ""חרבות ברזל"" ישנה עלייה משמעותית בעוינות כלפי ישראלים ויהודים ברחבי העולם, במוקד: מחאות, הסתה ותקריות אנטישמיות. כמו כן, קיימת עלייה במוטיבציה של גורמי טרור לפגוע בישראלים/יהודים באשר הם. לאור זאת, מומלץ לשוהים במדינה לנקוט באמצעי זהירות מוגברים.",
רומניה,01,אמצעי זהירות רגילים,ללא,אין מידע,
רוסיה,02\04,"רמת איום גבוהה (רמה 4) לא להגיע לאזור צפון הקווקז, איום מזדמן (רמה 2) מומלץ לנקוט באמצעי זהירות מוגברים בשאר שטחי המדינה","הרפובליקות אדיגיאה, צ'צ'ניה, דאגסטן שבירתה מחצ׳קאלה, אינגושטיה, קברדינו-בלקריה, קלמיקיה, קראצ'אי - צ'רקסיה, צפון אוסטיה - אלניה, והמחוזות קרסנודאר וסטברופול שבירתו מינרלנייה וודי","בעקבות מלחמת ""חרבות ברזל"" ישנה עלייה משמעותית בעוינות כלפי ישראלים ויהודים ברחבי העולם, במוקד: מחאות, הסתה ותקריות אנטישמיות. כמו כן, קיימת עלייה במוטיבציה של גורמי טרור לפגוע בישראלים/יהודים באשר הם. לאור זאת, מומלץ לשוהים במדינה לנקוט באמצעי זהירות מוגברים.",
שוודיה,02,אמצעי זהירות מוגברים,כלל שטחי המדינה,"בעקבות מלחמת ""חרבות ברזל"" ישנה עלייה משמעותית בעוינות כלפי ישראלים ויהודים ברחבי העולם, במוקד: מחאות, הסתה ותקריות אנטישמיות. כמו כן, קיימת עלייה במוטיבציה של גורמי טרור לפגוע בישראלים/יהודים באשר הם. לאור זאת, מומלץ לשוהים במדינה לנקוט באמצעי זהירות מוגברים.",
שווייץ,01,אמצעי זהירות רגילים,ללא,אין מידע,
תאילנד,01\04,רמת איום גבוהה (רמה 4) מומלץ להימנע מהגעה דרום המדינה (לא כולל האיים). ללא אזהרת מסע (רמה 1) מומלץ לנקוט באמצעי זהירות רגילים: שאר שטחי תאילנד.,"מחוזות Yala, Sungkla, Pattani, Narathiwat, הנמצאים בדרום תאילנד.","בדרום תאילנד מתקיימת פעילות טרור של מילציות מקומיות, בפרט במחוזות ""הדרום העמוק"", הסמוכים למלזיה. בראשם עומד ארגון ה-BRN, המבצע עשרות פיגועים בשנה. לאור זאת, קיים סיכון לישראלים אשר שוהים/מבקרים במחוזות Yala, Sungkla, Pattani, Narathiwat, הנמצאים בדרום תאילנד.",
תוניסיה,04,"רמת איום גבוהה (רמה 4) מומלץ להימנע מהגעה: לאור חשש מפעילות ארגוני טרור בפרט במערב המדינה, המרחב הסמוך לגבולות עם אלג'יריה ולוב ושטחי דרום המדינה.",כלל שטחי המדינה,"בעקבות מלחמת ""חרבות ברזל"" ישנה עלייה משמעותית בעוינות כלפי ישראלים ויהודים ברחבי העולם, במוקד: מחאות, הסתה ותקריות אנטישמיות. כמו כן, קיימת עלייה במוטיבציה של גורמי טרור לפגוע בישראלים/יהודים השוהים במדינה. לאור זאת, מומלץ לא להגיע למדינה זו.",
תורכיה,04,אין להגיע למדינה זו ובמקרה של שהייה יש לעזוב את המדינה,כלל שטחי המדינה,"לאור חשש כי גורמי טרור ינסו לפגוע בישראלים השוהים בתורכיה, יש להימנע מנסיעות למדינה זו ובמקרה של שהייה יש לעזוב את המדינה",
תורכמניסטן,03,להימנע מנסיעות שאינן חיוניות,כלל שטחי המדינה,"בעקבות מלחמת ""חרבות ברזל"" ישנה עלייה משמעותית בעוינות כלפי ישראלים ויהודים ברחבי העולם, במוקד: מחאות, הסתה ותקריות אנטישמיות. כמו כן, קיימת עלייה במוטיבציה של גורמי טרור לפגוע בישראלים/יהודים השוהים במדינה. לאור זאת, מומלץ לשקול נסיעות שאינן חיוניות למדינה זו.",
תימן,04,חל איסור על הגעה,כלל שטחי המדינה,"לאור קיומן של תשתיות טרור ענפות במדינה (בדגש לחות'ים), מתקיים סיכון טרור חמור על כל אזרחי ישראל המבקרים/שוהים בתימן. זאת ועוד, על פי ""חוק ההסתננות"" נאסר על אזרחי תושבי לבקר במדינה זו.",

